STARTTIME;SOURCE;DEST;PROTO;PACKETS;BYTES;DURATION
2019-09-03T05:00:03;8.8.8.8:53;10.23.35.133:64352;udp;1;78;00:00:00
2019-09-03T05:00:24;8.8.8.8:53;10.23.35.61:45153;udp;11;2191;00:00:00
2019-09-03T05:00:47;8.8.8.8:53;10.23.35.133:64967;udp;1;187;00:00:00
2019-09-03T05:01:00;8.8.8.8:53;10.23.35.61:53988;udp;11;2188;00:00:00
2019-09-03T05:01:36;8.8.8.8:53;10.23.35.61:11649;udp;11;2194;00:00:00
2019-09-03T05:01:46;8.8.8.8:53;10.23.35.133:56183;udp;1;141;00:00:00
2019-09-03T05:01:51;8.8.8.8:53;10.23.35.133:54222;udp;1;137;00:00:00
2019-09-03T05:02:12;8.8.8.8:53;10.23.35.61:57450;udp;11;2197;00:00:00
2019-09-03T05:02:33;8.8.8.8:53;10.23.35.133:55622;udp;1;78;00:00:00
2019-09-03T05:02:48;8.8.8.8:53;10.23.35.61:19080;udp;11;2194;00:00:00
2019-09-03T05:03:08;8.8.8.8:53;10.23.35.133:62722;udp;1;135;00:00:00
2019-09-03T05:03:24;8.8.8.8:53;10.23.35.61:2574;udp;11;2203;00:00:00
2019-09-03T05:03:31;8.8.8.8:53;10.23.35.133:63682;udp;1;137;00:00:00
2019-09-03T05:04:00;8.8.8.8:53;10.23.35.61:16115;udp;11;2197;00:00:00
2019-09-03T05:04:14;8.8.8.8:53;10.23.35.133:53382;udp;1;81;00:00:00
2019-09-03T05:04:15;8.8.8.8:53;10.23.35.133:56465;udp;1;161;00:00:00
2019-09-03T05:04:36;8.8.8.8:53;10.23.35.61:47284;udp;11;2194;00:00:00
2019-09-03T05:04:51;8.8.8.8:53;10.23.35.133:54920;udp;1;105;00:00:00
2019-09-03T05:03:49;8.8.8.8:53;10.23.35.133:1024;udp;2;168;00:01:04
2019-09-03T05:04:57;8.8.8.8:53;10.23.35.133:56922;udp;1;135;00:00:00
2019-09-03T05:05:02;8.8.8.8:53;10.23.35.133:55476;udp;1;124;00:00:00
2019-09-03T05:05:09;8.8.8.8:53;10.23.35.133:49414;udp;1;116;00:00:00
2019-09-03T05:05:12;8.8.8.8:53;10.23.35.61:21375;udp;11;2188;00:00:00
2019-09-03T05:05:33;8.8.8.8:53;10.23.35.133:49510;udp;1;139;00:00:00
2019-09-03T05:05:47;8.8.8.8:53;10.23.35.61:42157;udp;11;2194;00:00:00
2019-09-03T05:05:48;8.8.8.8:53;10.23.35.133:63998;udp;1;83;00:00:00
2019-09-03T05:06:23;8.8.8.8:53;10.23.35.61:4831;udp;11;2200;00:00:00
2019-09-03T05:06:31;8.8.8.8:53;10.23.35.133:60207;udp;1;187;00:00:00
2019-09-03T05:06:59;8.8.8.8:53;10.23.35.61:18420;udp;11;2197;00:00:00
2019-09-03T05:07:35;8.8.8.8:53;10.23.35.61:13447;udp;11;2197;00:00:00
2019-09-03T05:08:11;8.8.8.8:53;10.23.35.61:22804;udp;11;2191;00:00:00
2019-09-03T05:08:47;8.8.8.8:53;10.23.35.61:36599;udp;11;2200;00:00:00
2019-09-03T05:09:23;8.8.8.8:53;10.23.35.61:7257;udp;11;2194;00:00:00
2019-09-03T05:09:24;8.8.8.8:53;10.23.35.133:57777;udp;1;124;00:00:00
2019-09-03T05:09:59;8.8.8.8:53;10.23.35.61:21203;udp;11;2191;00:00:00
2019-09-03T05:10:35;8.8.8.8:53;10.23.35.61:41387;udp;11;2197;00:00:00
2019-09-03T05:11:11;8.8.8.8:53;10.23.35.61:26653;udp;11;2200;00:00:00
2019-09-03T05:11:47;8.8.8.8:53;10.23.35.61:32118;udp;11;2200;00:00:00
2019-09-03T05:12:23;8.8.8.8:53;10.23.35.61:52539;udp;11;2200;00:00:00
2019-09-03T05:12:48;8.8.8.8:53;10.23.35.133:51885;udp;1;81;00:00:00
2019-09-03T05:12:59;8.8.8.8:53;10.23.35.61:42719;udp;11;2200;00:00:00
2019-09-03T05:13:05;8.8.8.8:53;10.23.35.133:55315;udp;1;81;00:00:00
2019-09-03T05:13:35;8.8.8.8:53;10.23.35.61:30812;udp;11;2203;00:00:00
2019-09-03T05:13:40;8.8.8.8:53;10.23.35.133:65461;udp;1;140;00:00:00
2019-09-03T05:14:10;8.8.8.8:53;10.23.35.61:11572;udp;11;2194;00:00:00
2019-09-03T05:14:24;8.8.8.8:53;10.23.35.133:59991;udp;1;81;00:00:00
2019-09-03T05:14:36;8.8.8.8:53;10.23.35.133:57310;udp;1;78;00:00:00
2019-09-03T05:14:46;8.8.8.8:53;10.23.35.61:2350;udp;11;2197;00:00:00
2019-09-03T05:15:22;8.8.8.8:53;10.23.35.61:40684;udp;11;2194;00:00:00
2019-09-03T05:15:47;8.8.8.8:53;10.23.35.133:65427;udp;1;166;00:00:00
2019-09-03T05:15:58;8.8.8.8:53;10.23.35.61:52998;udp;11;2194;00:00:00
2019-09-03T05:16:34;8.8.8.8:53;10.23.35.61:46169;udp;11;2194;00:00:00
2019-09-03T05:17:10;8.8.8.8:53;10.23.35.61:35942;udp;11;2200;00:00:00
2019-09-03T05:17:46;8.8.8.8:53;10.23.35.61:19786;udp;11;2200;00:00:00
2019-09-03T05:18:21;8.8.8.8:53;10.23.35.61:50348;udp;11;2203;00:00:00
2019-09-03T05:18:42;8.8.8.8:53;10.23.35.133:58612;udp;1;140;00:00:00
2019-09-03T05:18:57;8.8.8.8:53;10.23.35.61:31359;udp;11;2200;00:00:00
2019-09-03T05:19:33;8.8.8.8:53;10.23.35.61:38031;udp;11;2194;00:00:00
2019-09-03T05:20:05;8.8.8.8:53;10.23.35.133:52248;udp;1;166;00:00:00
2019-09-03T05:20:09;8.8.8.8:53;10.23.35.61:52481;udp;11;2200;00:00:00
2019-09-03T05:20:16;8.8.8.8:53;10.23.35.133:50319;udp;1;124;00:00:00
2019-09-03T05:20:27;8.8.8.8:53;10.23.35.133:57476;udp;1;78;00:00:00
2019-09-03T05:20:45;8.8.8.8:53;10.23.35.61:6449;udp;11;2191;00:00:00
2019-09-03T05:21:21;8.8.8.8:53;10.23.35.61:51415;udp;11;2197;00:00:00
2019-09-03T05:21:57;8.8.8.8:53;10.23.35.61:29337;udp;11;2200;00:00:00
2019-09-03T05:22:33;8.8.8.8:53;10.23.35.61:37227;udp;11;2197;00:00:00
2019-09-03T05:23:08;8.8.8.8:53;10.23.35.133:55455;udp;1;135;00:00:00
2019-09-03T05:23:09;8.8.8.8:53;10.23.35.61:43361;udp;11;2203;00:00:00
2019-09-03T05:23:45;8.8.8.8:53;10.23.35.61:5578;udp;11;2191;00:00:00
2019-09-03T05:24:21;8.8.8.8:53;10.23.35.61:19479;udp;11;2200;00:00:00
2019-09-03T05:24:33;8.8.8.8:53;10.23.35.133:57736;udp;1;80;00:00:00
2019-09-03T05:24:35;8.8.8.8:53;10.23.35.133:56242;udp;1;81;00:00:00
2019-09-03T05:24:38;8.8.8.8:53;10.23.35.133:57255;udp;1;124;00:00:00
2019-09-03T05:24:57;8.8.8.8:53;10.23.35.133:63378;udp;1;135;00:00:00
2019-09-03T05:24:57;8.8.8.8:53;10.23.35.61:17896;udp;11;2197;00:00:00
2019-09-03T05:25:07;8.8.8.8:53;10.23.35.133:54031;udp;1;116;00:00:00
2019-09-03T05:25:33;8.8.8.8:53;10.23.35.61:8896;udp;11;2191;00:00:00
2019-09-03T05:26:09;8.8.8.8:53;10.23.35.61:23841;udp;17;3453;00:00:21
2019-09-03T05:26:52;8.8.8.8:53;10.23.35.61:59522;udp;11;2197;00:00:00
2019-09-03T05:27:28;8.8.8.8:53;10.23.35.61:37536;udp;11;2191;00:00:00
2019-09-03T05:27:48;8.8.8.8:53;10.23.35.133:56150;udp;1;81;00:00:00
2019-09-03T05:28:04;8.8.8.8:53;10.23.35.61:4310;udp;11;2197;00:00:00
2019-09-03T05:28:06;8.8.8.8:53;10.23.35.133:65248;udp;1;81;00:00:00
2019-09-03T05:28:40;8.8.8.8:53;10.23.35.61:6666;udp;11;2197;00:00:00
2019-09-03T05:29:16;8.8.8.8:53;10.23.35.61:31140;udp;11;2194;00:00:00
2019-09-03T05:29:33;8.8.8.8:53;10.23.35.133:49283;udp;1;139;00:00:00
2019-09-03T05:29:46;8.8.8.8:53;10.23.35.133:59774;udp;1;140;00:00:00
2019-09-03T05:29:52;8.8.8.8:53;10.23.35.61:35435;udp;11;2191;00:00:00
2019-09-03T05:30:21;8.8.8.8:53;10.23.35.133:57857;udp;1;78;00:00:00
2019-09-03T05:30:28;8.8.8.8:53;10.23.35.61:25981;udp;11;2194;00:00:00
2019-09-03T05:31:04;8.8.8.8:53;10.23.35.61:35799;udp;11;2194;00:00:00
2019-09-03T05:31:40;8.8.8.8:53;10.23.35.61:32175;udp;11;2194;00:00:00
2019-09-03T05:31:48;8.8.8.8:53;10.23.35.133:53461;udp;1;140;00:00:00
2019-09-03T05:31:59;8.8.8.8:53;10.23.35.133:61723;udp;1;140;00:00:00
2019-09-03T05:32:16;8.8.8.8:53;10.23.35.61:2162;udp;11;2194;00:00:00
2019-09-03T05:32:46;8.8.8.8:53;10.23.35.133:54476;udp;1;141;00:00:00
2019-09-03T05:32:52;8.8.8.8:53;10.23.35.61:31425;udp;11;2194;00:00:00
2019-09-03T05:33:28;8.8.8.8:53;10.23.35.61:3045;udp;11;2197;00:00:00
2019-09-03T05:33:36;8.8.8.8:53;10.23.35.133:62174;udp;1;78;00:00:00
2019-09-03T05:34:03;8.8.8.8:53;10.23.35.61:11235;udp;11;2188;00:00:00
2019-09-03T05:34:32;8.8.8.8:53;10.23.35.133:53296;udp;1;140;00:00:00
2019-09-03T05:34:39;8.8.8.8:53;10.23.35.61:43213;udp;11;2194;00:00:00
2019-09-03T05:34:46;8.8.8.8:53;10.23.35.133:59252;udp;1;81;00:00:00
2019-09-03T05:35:15;8.8.8.8:53;10.23.35.61:18338;udp;11;2191;00:00:00
2019-09-03T05:35:24;8.8.8.8:53;10.23.35.133:59662;udp;1;124;00:00:00
2019-09-03T05:35:51;8.8.8.8:53;10.23.35.61:29570;udp;11;2194;00:00:00
2019-09-03T05:36:10;8.8.8.8:53;10.23.35.133:53854;udp;1;78;00:00:00
2019-09-03T05:36:27;8.8.8.8:53;10.23.35.61:13579;udp;11;2194;00:00:00
2019-09-03T05:37:03;8.8.8.8:53;10.23.35.61:53001;udp;11;2194;00:00:00
2019-09-03T05:37:30;8.8.8.8:53;10.23.35.133:53759;udp;1;116;00:00:00
2019-09-03T05:37:38;8.8.8.8:53;10.23.35.61:12358;udp;11;2197;00:00:00
2019-09-03T05:38:01;8.8.8.8:53;10.23.35.133:64635;udp;1;191;00:00:00
2019-09-03T05:38:14;8.8.8.8:53;10.23.35.61:14880;udp;11;2194;00:00:00
2019-09-03T05:38:37;8.8.8.8:53;10.23.35.133:59333;udp;1;158;00:00:00
2019-09-03T05:38:38;8.8.8.8:53;10.23.35.133:53408;udp;1;166;00:00:00
2019-09-03T05:38:50;8.8.8.8:53;10.23.35.61:51325;udp;11;2197;00:00:00
2019-09-03T05:39:26;8.8.8.8:53;10.23.35.61:45360;udp;11;2191;00:00:00
2019-09-03T05:39:42;8.8.8.8:53;10.23.35.133:51418;udp;1;124;00:00:00
2019-09-03T05:39:42;8.8.8.8:53;10.23.35.133:49331;udp;1;80;00:00:00
2019-09-03T05:40:02;8.8.8.8:53;10.23.35.61:40516;udp;11;2200;00:00:00
2019-09-03T05:40:38;8.8.8.8:53;10.23.35.61:12425;udp;11;2191;00:00:00
2019-09-03T05:41:14;8.8.8.8:53;10.23.35.61:16127;udp;11;2194;00:00:00
2019-09-03T05:41:36;8.8.8.8:53;10.23.35.133:55764;udp;1;145;00:00:00
2019-09-03T05:41:36;8.8.8.8:53;10.23.35.133:55588;udp;1;146;00:00:00
2019-09-03T05:41:36;8.8.8.8:53;10.23.35.133:57415;udp;1;116;00:00:00
2019-09-03T05:41:36;8.8.8.8:53;10.23.35.133:55917;udp;1;281;00:00:00
2019-09-03T05:41:36;8.8.8.8:53;10.23.35.133:61392;udp;1;220;00:00:00
2019-09-03T05:41:50;8.8.8.8:53;10.23.35.61:11133;udp;11;2185;00:00:00
2019-09-03T05:42:26;8.8.8.8:53;10.23.35.61:4572;udp;11;2203;00:00:00
2019-09-03T05:42:48;8.8.8.8:53;10.23.35.133:62026;udp;1;81;00:00:00
2019-09-03T05:43:02;8.8.8.8:53;10.23.35.61:25767;udp;11;2200;00:00:00
2019-09-03T05:43:06;8.8.8.8:53;10.23.35.133:51014;udp;1;81;00:00:00
2019-09-03T05:43:08;8.8.8.8:53;10.23.35.133:62575;udp;1;135;00:00:00
2019-09-03T05:43:38;8.8.8.8:53;10.23.35.61:8075;udp;11;2194;00:00:00
2019-09-03T05:44:14;8.8.8.8:53;10.23.35.61:7683;udp;11;2194;00:00:00
2019-09-03T05:44:50;8.8.8.8:53;10.23.35.61:27327;udp;11;2194;00:00:00
2019-09-03T05:44:57;8.8.8.8:53;10.23.35.133:59665;udp;1;81;00:00:00
2019-09-03T05:44:57;8.8.8.8:53;10.23.35.133:50350;udp;1;135;00:00:00
2019-09-03T05:45:06;8.8.8.8:53;10.23.35.60:21211;udp;1;85;00:00:00
2019-09-03T05:45:06;8.8.8.8:53;10.23.35.60:52819;udp;1;173;00:00:00
2019-09-03T05:45:06;8.8.8.8:53;10.23.35.60:29475;udp;1;126;00:00:00
2019-09-03T05:45:06;8.8.8.8:53;10.23.35.60:12789;udp;1;103;00:00:00
2019-09-03T05:45:06;8.8.8.8:53;10.23.35.60:50706;udp;1;291;00:00:00
2019-09-03T05:45:06;8.8.8.8:53;10.23.35.60:43231;udp;1;198;00:00:00
2019-09-03T05:45:06;8.8.8.8:53;10.23.35.60:12001;udp;1;210;00:00:00
2019-09-03T05:45:06;8.8.8.8:53;10.23.35.60:2037;udp;1;293;00:00:00
2019-09-03T05:45:06;8.8.8.8:53;10.23.35.60:2498;udp;1;147;00:00:00
2019-09-03T05:45:06;8.8.8.8:53;10.23.35.60:23978;udp;1;230;00:00:00
2019-09-03T05:45:26;8.8.8.8:53;10.23.35.61:45527;udp;11;2194;00:00:00
2019-09-03T05:45:57;8.8.8.8:53;10.23.35.60:16492;udp;1;176;00:00:00
2019-09-03T05:46:02;8.8.8.8:53;10.23.35.61:16719;udp;11;2197;00:00:00
2019-09-03T05:46:06;8.8.8.8:53;10.23.35.133:49170;udp;1;140;00:00:00
2019-09-03T05:46:09;8.8.8.8:53;10.23.35.60:49727;udp;1;85;00:00:00
2019-09-03T05:46:10;8.8.8.8:53;10.23.35.133:50098;udp;1;78;00:00:00
2019-09-03T05:46:13;8.8.8.8:53;10.23.35.133:64913;udp;1;78;00:00:00
2019-09-03T05:46:38;8.8.8.8:53;10.23.35.61:23422;udp;11;2194;00:00:00
2019-09-03T05:47:14;8.8.8.8:53;10.23.35.61:12860;udp;11;2200;00:00:00
2019-09-03T05:47:50;8.8.8.8:53;10.23.35.61:54174;udp;11;2197;00:00:00
2019-09-03T05:48:26;8.8.8.8:53;10.23.35.61:54513;udp;11;2191;00:00:00
2019-09-03T05:48:42;8.8.8.8:53;10.23.35.133:49445;udp;1;140;00:00:00
2019-09-03T05:48:50;8.8.8.8:53;10.23.35.60:20780;udp;1;85;00:00:00
2019-09-03T05:49:02;8.8.8.8:53;10.23.35.61:11848;udp;11;2197;00:00:00
2019-09-03T05:49:38;8.8.8.8:53;10.23.35.61:60481;udp;11;2194;00:00:00
2019-09-03T05:50:14;8.8.8.8:53;10.23.35.61:56098;udp;11;2194;00:00:00
2019-09-03T05:50:50;8.8.8.8:53;10.23.35.61:20903;udp;11;2197;00:00:00
2019-09-03T05:51:04;8.8.8.8:53;10.23.35.133:63654;udp;1;124;00:00:00
2019-09-03T05:51:26;8.8.8.8:53;10.23.35.61:23416;udp;11;2197;00:00:00
2019-09-03T05:52:02;8.8.8.8:53;10.23.35.61:13051;udp;11;2194;00:00:00
2019-09-03T05:52:38;8.8.8.8:53;10.23.35.61:61343;udp;11;2197;00:00:00
2019-09-03T05:53:14;8.8.8.8:53;10.23.35.61:33700;udp;11;2200;00:00:00
2019-09-03T05:53:33;8.8.8.8:53;10.23.35.133:55482;udp;1;139;00:00:00
2019-09-03T05:53:50;8.8.8.8:53;10.23.35.61:54845;udp;11;2194;00:00:00
2019-09-03T05:54:26;8.8.8.8:53;10.23.35.61:17363;udp;11;2200;00:00:00
2019-09-03T05:54:52;8.8.8.8:53;10.23.35.133:56664;udp;1;124;00:00:00
2019-09-03T05:55:02;8.8.8.8:53;10.23.35.61:27153;udp;11;2200;00:00:00
2019-09-03T05:55:38;8.8.8.8:53;10.23.35.61:39673;udp;11;2191;00:00:00
2019-09-03T05:55:38;8.8.8.8:53;10.23.35.60:9283;udp;1;85;00:00:00
2019-09-03T05:56:14;8.8.8.8:53;10.23.35.61:19895;udp;11;2200;00:00:00
2019-09-03T05:56:50;8.8.8.8:53;10.23.35.61:1272;udp;11;2197;00:00:00
2019-09-03T05:57:26;8.8.8.8:53;10.23.35.61:34064;udp;11;2206;00:00:00
2019-09-03T05:57:40;8.8.8.8:53;10.23.35.133:51158;udp;1;116;00:00:00
2019-09-03T05:57:48;8.8.8.8:53;10.23.35.133:64595;udp;1;81;00:00:00
2019-09-03T05:58:02;8.8.8.8:53;10.23.35.61:53871;udp;11;2197;00:00:00
2019-09-03T05:58:06;8.8.8.8:53;10.23.35.133:51637;udp;1;81;00:00:00
2019-09-03T05:58:38;8.8.8.8:53;10.23.35.61:32059;udp;11;2191;00:00:00
2019-09-03T05:59:14;8.8.8.8:53;10.23.35.61:2976;udp;11;2191;00:00:00
2019-09-03T05:59:50;8.8.8.8:53;10.23.35.61:33222;udp;11;2194;00:00:00
2019-09-03T05:00:03;10.23.35.133:64352;8.8.8.8:53;udp;1;62;00:00:00
2019-09-03T05:00:24;10.23.35.61:45153;8.8.8.8:53;udp;11;742;00:00:00
2019-09-03T05:00:47;10.23.35.133:64967;8.8.8.8:53;udp;1;64;00:00:00
2019-09-03T05:01:00;10.23.35.61:53988;8.8.8.8:53;udp;11;742;00:00:00
2019-09-03T05:01:36;10.23.35.61:11649;8.8.8.8:53;udp;11;742;00:00:00
2019-09-03T05:01:46;10.23.35.133:56183;8.8.8.8:53;udp;1;66;00:00:00
2019-09-03T05:01:51;10.23.35.133:54222;8.8.8.8:53;udp;1;62;00:00:00
2019-09-03T05:02:12;10.23.35.61:57450;8.8.8.8:53;udp;11;742;00:00:00
2019-09-03T05:02:33;10.23.35.133:55622;8.8.8.8:53;udp;1;62;00:00:00
2019-09-03T05:02:48;10.23.35.61:19080;8.8.8.8:53;udp;11;742;00:00:00
2019-09-03T05:03:08;10.23.35.133:62722;8.8.8.8:53;udp;1;60;00:00:00
2019-09-03T05:03:24;10.23.35.61:2574;8.8.8.8:53;udp;11;742;00:00:00
2019-09-03T05:03:31;10.23.35.133:63682;8.8.8.8:53;udp;1;62;00:00:00
2019-09-03T05:04:00;10.23.35.61:16115;8.8.8.8:53;udp;11;742;00:00:00
2019-09-03T05:04:14;10.23.35.133:53382;8.8.8.8:53;udp;1;65;00:00:00
2019-09-03T05:04:15;10.23.35.133:56465;8.8.8.8:53;udp;1;81;00:00:00
2019-09-03T05:04:36;10.23.35.61:47284;8.8.8.8:53;udp;11;742;00:00:00
2019-09-03T05:04:51;10.23.35.133:54920;8.8.8.8:53;udp;1;65;00:00:00
2019-09-03T05:03:49;10.23.35.133:1024;8.8.8.8:53;udp;2;136;00:01:04
2019-09-03T05:04:57;10.23.35.133:56922;8.8.8.8:53;udp;1;60;00:00:00
2019-09-03T05:05:02;10.23.35.133:55476;8.8.8.8:53;udp;1;69;00:00:00
2019-09-03T05:05:09;10.23.35.133:49414;8.8.8.8:53;udp;1;67;00:00:00
2019-09-03T05:05:12;10.23.35.61:21375;8.8.8.8:53;udp;11;742;00:00:00
2019-09-03T05:05:33;10.23.35.133:49510;8.8.8.8:53;udp;1;64;00:00:00
2019-09-03T05:05:47;10.23.35.61:42157;8.8.8.8:53;udp;11;742;00:00:00
2019-09-03T05:05:48;10.23.35.133:63998;8.8.8.8:53;udp;1;67;00:00:00
2019-09-03T05:06:23;10.23.35.61:4831;8.8.8.8:53;udp;11;742;00:00:00
2019-09-03T05:06:31;10.23.35.133:60207;8.8.8.8:53;udp;1;64;00:00:00
2019-09-03T05:06:59;10.23.35.61:18420;8.8.8.8:53;udp;11;742;00:00:00
2019-09-03T05:07:35;10.23.35.61:13447;8.8.8.8:53;udp;11;742;00:00:00
2019-09-03T05:08:11;10.23.35.61:22804;8.8.8.8:53;udp;11;742;00:00:00
2019-09-03T05:08:47;10.23.35.61:36599;8.8.8.8:53;udp;11;742;00:00:00
2019-09-03T05:09:23;10.23.35.61:7257;8.8.8.8:53;udp;11;742;00:00:00
2019-09-03T05:09:24;10.23.35.133:57777;8.8.8.8:53;udp;1;69;00:00:00
2019-09-03T05:09:59;10.23.35.61:21203;8.8.8.8:53;udp;11;742;00:00:00
2019-09-03T05:10:35;10.23.35.61:41387;8.8.8.8:53;udp;11;742;00:00:00
2019-09-03T05:11:11;10.23.35.61:26653;8.8.8.8:53;udp;11;742;00:00:00
2019-09-03T05:11:47;10.23.35.61:32118;8.8.8.8:53;udp;11;742;00:00:00
2019-09-03T05:12:23;10.23.35.61:52539;8.8.8.8:53;udp;11;742;00:00:00
2019-09-03T05:12:47;10.23.35.133:51885;8.8.8.8:53;udp;1;65;00:00:00
2019-09-03T05:12:59;10.23.35.61:42719;8.8.8.8:53;udp;11;742;00:00:00
2019-09-03T05:13:05;10.23.35.133:55315;8.8.8.8:53;udp;1;65;00:00:00
2019-09-03T05:13:35;10.23.35.61:30812;8.8.8.8:53;udp;11;742;00:00:00
2019-09-03T05:13:40;10.23.35.133:65461;8.8.8.8:53;udp;1;73;00:00:00
2019-09-03T05:14:10;10.23.35.61:11572;8.8.8.8:53;udp;11;742;00:00:00
2019-09-03T05:14:24;10.23.35.133:59991;8.8.8.8:53;udp;1;65;00:00:00
2019-09-03T05:14:36;10.23.35.133:57310;8.8.8.8:53;udp;1;62;00:00:00
2019-09-03T05:14:46;10.23.35.61:2350;8.8.8.8:53;udp;11;742;00:00:00
2019-09-03T05:15:22;10.23.35.61:40684;8.8.8.8:53;udp;11;742;00:00:00
2019-09-03T05:15:47;10.23.35.133:65427;8.8.8.8:53;udp;1;70;00:00:00
2019-09-03T05:15:58;10.23.35.61:52998;8.8.8.8:53;udp;11;742;00:00:00
2019-09-03T05:16:34;10.23.35.61:46169;8.8.8.8:53;udp;11;742;00:00:00
2019-09-03T05:17:10;10.23.35.61:35942;8.8.8.8:53;udp;11;742;00:00:00
2019-09-03T05:17:46;10.23.35.61:19786;8.8.8.8:53;udp;11;742;00:00:00
2019-09-03T05:18:21;10.23.35.61:50348;8.8.8.8:53;udp;11;742;00:00:00
2019-09-03T05:18:42;10.23.35.133:58612;8.8.8.8:53;udp;1;77;00:00:00
2019-09-03T05:18:57;10.23.35.61:31359;8.8.8.8:53;udp;11;742;00:00:00
2019-09-03T05:19:33;10.23.35.61:38031;8.8.8.8:53;udp;11;742;00:00:00
2019-09-03T05:20:05;10.23.35.133:52248;8.8.8.8:53;udp;1;70;00:00:00
2019-09-03T05:20:09;10.23.35.61:52481;8.8.8.8:53;udp;11;742;00:00:00
2019-09-03T05:20:16;10.23.35.133:50319;8.8.8.8:53;udp;1;69;00:00:00
2019-09-03T05:20:27;10.23.35.133:57476;8.8.8.8:53;udp;1;62;00:00:00
2019-09-03T05:20:45;10.23.35.61:6449;8.8.8.8:53;udp;11;742;00:00:00
2019-09-03T05:21:21;10.23.35.61:51415;8.8.8.8:53;udp;11;742;00:00:00
2019-09-03T05:21:57;10.23.35.61:29337;8.8.8.8:53;udp;11;742;00:00:00
2019-09-03T05:22:33;10.23.35.61:37227;8.8.8.8:53;udp;11;742;00:00:00
2019-09-03T05:23:08;10.23.35.133:55455;8.8.8.8:53;udp;1;60;00:00:00
2019-09-03T05:23:09;10.23.35.61:43361;8.8.8.8:53;udp;11;742;00:00:00
2019-09-03T05:23:45;10.23.35.61:5578;8.8.8.8:53;udp;11;742;00:00:00
2019-09-03T05:24:21;10.23.35.61:19479;8.8.8.8:53;udp;11;742;00:00:00
2019-09-03T05:24:33;10.23.35.133:57736;8.8.8.8:53;udp;1;64;00:00:00
2019-09-03T05:24:35;10.23.35.133:56242;8.8.8.8:53;udp;1;65;00:00:00
2019-09-03T05:24:38;10.23.35.133:57255;8.8.8.8:53;udp;1;69;00:00:00
2019-09-03T05:24:57;10.23.35.133:63378;8.8.8.8:53;udp;1;60;00:00:00
2019-09-03T05:24:57;10.23.35.61:17896;8.8.8.8:53;udp;11;742;00:00:00
2019-09-03T05:25:07;10.23.35.133:54031;8.8.8.8:53;udp;1;67;00:00:00
2019-09-03T05:25:33;10.23.35.61:8896;8.8.8.8:53;udp;11;742;00:00:00
2019-09-03T05:26:09;10.23.35.61:23841;8.8.8.8:53;udp;17;1146;00:00:21
2019-09-03T05:26:52;10.23.35.61:59522;8.8.8.8:53;udp;11;742;00:00:00
2019-09-03T05:27:28;10.23.35.61:37536;8.8.8.8:53;udp;11;742;00:00:00
2019-09-03T05:27:48;10.23.35.133:56150;8.8.8.8:53;udp;1;65;00:00:00
2019-09-03T05:28:04;10.23.35.61:4310;8.8.8.8:53;udp;11;742;00:00:00
2019-09-03T05:28:06;10.23.35.133:65248;8.8.8.8:53;udp;1;65;00:00:00
2019-09-03T05:28:40;10.23.35.61:6666;8.8.8.8:53;udp;11;742;00:00:00
2019-09-03T05:29:16;10.23.35.61:31140;8.8.8.8:53;udp;11;742;00:00:00
2019-09-03T05:29:33;10.23.35.133:49283;8.8.8.8:53;udp;1;64;00:00:00
2019-09-03T05:29:46;10.23.35.133:59774;8.8.8.8:53;udp;1;73;00:00:00
2019-09-03T05:29:52;10.23.35.61:35435;8.8.8.8:53;udp;11;742;00:00:00
2019-09-03T05:30:21;10.23.35.133:57857;8.8.8.8:53;udp;1;62;00:00:00
2019-09-03T05:30:28;10.23.35.61:25981;8.8.8.8:53;udp;11;742;00:00:00
2019-09-03T05:31:04;10.23.35.61:35799;8.8.8.8:53;udp;11;742;00:00:00
2019-09-03T05:31:40;10.23.35.61:32175;8.8.8.8:53;udp;11;742;00:00:00
2019-09-03T05:31:47;10.23.35.133:53461;8.8.8.8:53;udp;1;73;00:00:00
2019-09-03T05:27:48;10.23.35.133;8.8.8.8;icmp;2;277;00:03:59
2019-09-03T05:31:59;10.23.35.133:61723;8.8.8.8:53;udp;1;77;00:00:00
2019-09-03T05:32:16;10.23.35.61:2162;8.8.8.8:53;udp;11;742;00:00:00
2019-09-03T05:32:46;10.23.35.133:54476;8.8.8.8:53;udp;1;66;00:00:00
2019-09-03T05:32:52;10.23.35.61:31425;8.8.8.8:53;udp;11;742;00:00:00
2019-09-03T05:33:28;10.23.35.61:3045;8.8.8.8:53;udp;11;742;00:00:00
2019-09-03T05:33:36;10.23.35.133:62174;8.8.8.8:53;udp;1;62;00:00:00
2019-09-03T05:34:03;10.23.35.61:11235;8.8.8.8:53;udp;11;742;00:00:00
2019-09-03T05:34:32;10.23.35.133:53296;8.8.8.8:53;udp;1;73;00:00:00
2019-09-03T05:34:39;10.23.35.61:43213;8.8.8.8:53;udp;11;742;00:00:00
2019-09-03T05:34:46;10.23.35.133:59252;8.8.8.8:53;udp;1;65;00:00:00
2019-09-03T05:35:15;10.23.35.61:18338;8.8.8.8:53;udp;11;742;00:00:00
2019-09-03T05:35:24;10.23.35.133:59662;8.8.8.8:53;udp;1;69;00:00:00
2019-09-03T05:35:51;10.23.35.61:29570;8.8.8.8:53;udp;11;742;00:00:00
2019-09-03T05:36:10;10.23.35.133:53854;8.8.8.8:53;udp;1;62;00:00:00
2019-09-03T05:36:27;10.23.35.61:13579;8.8.8.8:53;udp;11;742;00:00:00
2019-09-03T05:37:03;10.23.35.61:53001;8.8.8.8:53;udp;11;742;00:00:00
2019-09-03T05:37:30;10.23.35.133:53759;8.8.8.8:53;udp;1;67;00:00:00
2019-09-03T05:37:38;10.23.35.61:12358;8.8.8.8:53;udp;11;742;00:00:00
2019-09-03T05:38:01;10.23.35.133:64635;8.8.8.8:53;udp;1;78;00:00:00
2019-09-03T05:38:14;10.23.35.61:14880;8.8.8.8:53;udp;11;742;00:00:00
2019-09-03T05:38:37;10.23.35.133:59333;8.8.8.8:53;udp;1;70;00:00:00
2019-09-03T05:38:38;10.23.35.133:53408;8.8.8.8:53;udp;1;70;00:00:00
2019-09-03T05:38:50;10.23.35.61:51325;8.8.8.8:53;udp;11;742;00:00:00
2019-09-03T05:39:26;10.23.35.61:45360;8.8.8.8:53;udp;11;742;00:00:00
2019-09-03T05:39:42;10.23.35.133:51418;8.8.8.8:53;udp;1;69;00:00:00
2019-09-03T05:39:42;10.23.35.133:49331;8.8.8.8:53;udp;1;64;00:00:00
2019-09-03T05:40:02;10.23.35.61:40516;8.8.8.8:53;udp;11;742;00:00:00
2019-09-03T05:40:38;10.23.35.61:12425;8.8.8.8:53;udp;11;742;00:00:00
2019-09-03T05:41:14;10.23.35.61:16127;8.8.8.8:53;udp;11;742;00:00:00
2019-09-03T05:41:35;10.23.35.133:55764;8.8.8.8:53;udp;1;78;00:00:00
2019-09-03T05:41:36;10.23.35.133:55588;8.8.8.8:53;udp;1;76;00:00:00
2019-09-03T05:41:36;10.23.35.133:57415;8.8.8.8:53;udp;1;67;00:00:00
2019-09-03T05:41:36;10.23.35.133:55917;8.8.8.8:53;udp;1;69;00:00:00
2019-09-03T05:41:36;10.23.35.133:61392;8.8.8.8:53;udp;1;83;00:00:00
2019-09-03T05:41:50;10.23.35.61:11133;8.8.8.8:53;udp;11;742;00:00:00
2019-09-03T05:42:26;10.23.35.61:4572;8.8.8.8:53;udp;11;742;00:00:00
2019-09-03T05:42:48;10.23.35.133:62026;8.8.8.8:53;udp;1;65;00:00:00
2019-09-03T05:43:02;10.23.35.61:25767;8.8.8.8:53;udp;11;742;00:00:00
2019-09-03T05:43:06;10.23.35.133:51014;8.8.8.8:53;udp;1;65;00:00:00
2019-09-03T05:43:08;10.23.35.133:62575;8.8.8.8:53;udp;1;60;00:00:00
2019-09-03T05:43:38;10.23.35.61:8075;8.8.8.8:53;udp;11;742;00:00:00
2019-09-03T05:44:14;10.23.35.61:7683;8.8.8.8:53;udp;11;742;00:00:00
2019-09-03T05:44:50;10.23.35.61:27327;8.8.8.8:53;udp;11;742;00:00:00
2019-09-03T05:44:57;10.23.35.133:59665;8.8.8.8:53;udp;1;65;00:00:00
2019-09-03T05:44:57;10.23.35.133:50350;8.8.8.8:53;udp;1;60;00:00:00
2019-09-03T05:45:06;10.23.35.60:21211;8.8.8.8:53;udp;1;85;00:00:00
2019-09-03T05:45:06;10.23.35.60:52819;8.8.8.8:53;udp;1;60;00:00:00
2019-09-03T05:45:06;10.23.35.60:29475;8.8.8.8:53;udp;1;60;00:00:00
2019-09-03T05:45:06;10.23.35.60:12789;8.8.8.8:53;udp;1;55;00:00:00
2019-09-03T05:45:06;10.23.35.60:50706;8.8.8.8:53;udp;1;70;00:00:00
2019-09-03T05:45:06;10.23.35.60:43231;8.8.8.8:53;udp;1;78;00:00:00
2019-09-03T05:45:06;10.23.35.60:12001;8.8.8.8:53;udp;1;59;00:00:00
2019-09-03T05:45:06;10.23.35.60:2037;8.8.8.8:53;udp;1;71;00:00:00
2019-09-03T05:45:06;10.23.35.60:2498;8.8.8.8:53;udp;1;62;00:00:00
2019-09-03T05:45:06;10.23.35.60:23978;8.8.8.8:53;udp;1;64;00:00:00
2019-09-03T05:45:26;10.23.35.61:45527;8.8.8.8:53;udp;11;742;00:00:00
2019-09-03T05:45:57;10.23.35.60:16492;8.8.8.8:53;udp;1;61;00:00:00
2019-09-03T05:46:02;10.23.35.61:16719;8.8.8.8:53;udp;11;742;00:00:00
2019-09-03T05:46:06;10.23.35.133:49170;8.8.8.8:53;udp;1;73;00:00:00
2019-09-03T05:46:09;10.23.35.60:49727;8.8.8.8:53;udp;1;85;00:00:00
2019-09-03T05:46:10;10.23.35.133:50098;8.8.8.8:53;udp;1;62;00:00:00
2019-09-03T05:46:13;10.23.35.133:64913;8.8.8.8:53;udp;1;62;00:00:00
2019-09-03T05:46:38;10.23.35.61:23422;8.8.8.8:53;udp;11;742;00:00:00
2019-09-03T05:47:14;10.23.35.61:12860;8.8.8.8:53;udp;11;742;00:00:00
2019-09-03T05:47:50;10.23.35.61:54174;8.8.8.8:53;udp;11;742;00:00:00
2019-09-03T05:48:26;10.23.35.61:54513;8.8.8.8:53;udp;11;742;00:00:00
2019-09-03T05:48:42;10.23.35.133:49445;8.8.8.8:53;udp;1;77;00:00:00
2019-09-03T05:48:50;10.23.35.60:20780;8.8.8.8:53;udp;1;85;00:00:00
2019-09-03T05:49:02;10.23.35.61:11848;8.8.8.8:53;udp;11;742;00:00:00
2019-09-03T05:49:38;10.23.35.61:60481;8.8.8.8:53;udp;11;742;00:00:00
2019-09-03T05:50:14;10.23.35.61:56098;8.8.8.8:53;udp;11;742;00:00:00
2019-09-03T05:50:50;10.23.35.61:20903;8.8.8.8:53;udp;11;742;00:00:00
2019-09-03T05:51:04;10.23.35.133:63654;8.8.8.8:53;udp;1;69;00:00:00
2019-09-03T05:51:26;10.23.35.61:23416;8.8.8.8:53;udp;11;742;00:00:00
2019-09-03T05:52:02;10.23.35.61:13051;8.8.8.8:53;udp;11;742;00:00:00
2019-09-03T05:52:38;10.23.35.61:61343;8.8.8.8:53;udp;11;742;00:00:00
2019-09-03T05:53:14;10.23.35.61:33700;8.8.8.8:53;udp;11;742;00:00:00
2019-09-03T05:53:33;10.23.35.133:55482;8.8.8.8:53;udp;1;64;00:00:00
2019-09-03T05:53:50;10.23.35.61:54845;8.8.8.8:53;udp;11;742;00:00:00
2019-09-03T05:54:26;10.23.35.61:17363;8.8.8.8:53;udp;11;742;00:00:00
2019-09-03T05:54:52;10.23.35.133:56664;8.8.8.8:53;udp;1;69;00:00:00
2019-09-03T05:55:02;10.23.35.61:27153;8.8.8.8:53;udp;11;742;00:00:00
2019-09-03T05:55:07;10.23.35.133:58927;8.8.8.8:53;udp;1;65;00:00:00
2019-09-03T05:55:38;10.23.35.61:39673;8.8.8.8:53;udp;11;742;00:00:00
2019-09-03T05:55:38;10.23.35.60:9283;8.8.8.8:53;udp;1;85;00:00:00
2019-09-03T05:56:14;10.23.35.61:19895;8.8.8.8:53;udp;11;742;00:00:00
2019-09-03T05:56:50;10.23.35.61:1272;8.8.8.8:53;udp;11;742;00:00:00
2019-09-03T05:57:26;10.23.35.61:34064;8.8.8.8:53;udp;11;742;00:00:00
2019-09-03T05:57:40;10.23.35.133:51158;8.8.8.8:53;udp;1;67;00:00:00
2019-09-03T05:57:48;10.23.35.133:64595;8.8.8.8:53;udp;1;65;00:00:00
2019-09-03T05:58:02;10.23.35.61:53871;8.8.8.8:53;udp;11;742;00:00:00
2019-09-03T05:58:06;10.23.35.133:51637;8.8.8.8:53;udp;1;65;00:00:00
2019-09-03T05:58:38;10.23.35.61:32059;8.8.8.8:53;udp;11;742;00:00:00
2019-09-03T05:59:14;10.23.35.61:2976;8.8.8.8:53;udp;11;742;00:00:00
2019-09-03T05:59:50;10.23.35.61:33222;8.8.8.8:53;udp;11;742;00:00:00
2019-09-03T05:00:54;8.8.8.8:53;10.41.255.25:55377;tcp;2;112;00:00:00
2019-09-03T05:00:38;8.8.8.8:853;10.41.165.1:27658;tcp;7;763;00:00:20
2019-09-03T05:02:01;8.8.8.8:53;10.41.85.54:48839;tcp;4;763;00:00:00
2019-09-03T05:02:01;8.8.8.8:53;10.41.85.54:51447;tcp;4;1302;00:00:00
2019-09-03T05:02:01;8.8.8.8:53;10.41.85.54:54086;tcp;4;1102;00:00:00
2019-09-03T05:02:02;8.8.8.8:53;10.41.85.54:56943;tcp;4;752;00:00:00
2019-09-03T05:02:03;8.8.8.8:53;10.41.85.54:11733;tcp;4;990;00:00:00
2019-09-03T05:02:03;8.8.8.8:53;10.41.85.54:3275;tcp;4;959;00:00:00
2019-09-03T05:02:03;8.8.8.8:53;10.41.85.54:63454;tcp;4;860;00:00:00
2019-09-03T05:02:03;8.8.8.8:53;10.41.85.54:19567;tcp;4;745;00:00:00
2019-09-03T05:02:03;8.8.8.8:53;10.41.85.54:3066;tcp;5;1528;00:00:00
2019-09-03T05:02:03;8.8.8.8:53;10.41.85.54:56420;tcp;4;846;00:00:00
2019-09-03T05:02:04;8.8.8.8:53;10.41.85.54:24061;tcp;4;789;00:00:00
2019-09-03T05:02:04;8.8.8.8:53;10.41.85.54:18668;tcp;4;799;00:00:00
2019-09-03T05:02:04;8.8.8.8:53;10.41.85.54:39678;tcp;4;860;00:00:00
2019-09-03T05:02:04;8.8.8.8:53;10.41.85.54:4570;tcp;4;769;00:00:00
2019-09-03T05:02:04;8.8.8.8:53;10.41.85.54:13796;tcp;4;737;00:00:00
2019-09-03T05:00:57;8.8.8.8:853;10.13.232.218:21451;tcp;13;1412;00:01:26
2019-09-03T05:02:23;8.8.8.8:853;10.13.232.218:21451;tcp;1;40;00:00:00
2019-09-03T05:00:00;8.8.8.8:53;10.13.232.57:12903;udp;1;91;00:00:00
2019-09-03T05:00:00;8.8.8.8:53;10.13.232.50:32043;udp;2;164;00:00:00
2019-09-03T05:00:01;8.8.8.8:53;10.13.232.57:3736;udp;1;140;00:00:00
2019-09-03T05:00:02;8.8.8.8:53;10.13.232.45:14987;udp;1;178;00:00:00
2019-09-03T05:00:02;8.8.8.8:53;10.13.232.45:40755;udp;1;218;00:00:00
2019-09-03T05:00:03;8.8.8.8:53;10.13.232.57:17111;udp;2;178;00:00:00
2019-09-03T05:00:03;8.8.8.8:53;10.13.232.89:60897;udp;2;164;00:00:00
2019-09-03T05:00:03;8.8.8.8:53;10.13.232.83:45633;udp;1;175;00:00:00
2019-09-03T05:00:04;8.8.8.8:53;10.13.232.50:19791;udp;2;164;00:00:00
2019-09-03T05:00:04;8.8.8.8:53;10.13.232.57:9724;udp;1;139;00:00:00
2019-09-03T05:00:04;8.8.8.8:53;10.13.232.147:12630;udp;1;107;00:00:00
2019-09-03T05:04:26;8.8.8.8:853;10.41.165.1:18215;tcp;11;4140;00:00:20
2019-09-03T05:00:00;8.8.8.8:53;10.41.86.244:63128;udp;1;105;00:00:00
2019-09-03T05:00:00;8.8.8.8:53;10.41.93.66:10679;udp;1;74;00:00:00
2019-09-03T05:00:00;8.8.8.8:53;10.41.93.66:10601;udp;1;71;00:00:00
2019-09-03T05:00:00;8.8.8.8:53;10.41.93.66:10569;udp;1;71;00:00:00
2019-09-03T05:00:00;8.8.8.8:53;10.41.93.66:10527;udp;1;135;00:00:00
2019-09-03T05:00:00;8.8.8.8:53;10.41.93.66:10762;udp;1;73;00:00:00
2019-09-03T05:00:00;8.8.8.8:53;10.41.93.66:10790;udp;1;71;00:00:00
2019-09-03T05:00:00;8.8.8.8:53;10.41.93.66:10869;udp;1;71;00:00:00
2019-09-03T05:00:00;8.8.8.8:53;10.41.93.66:10889;udp;1;70;00:00:00
2019-09-03T05:00:00;8.8.8.8:53;10.41.93.66:10999;udp;1;107;00:00:00
2019-09-03T05:00:00;8.8.8.8:53;10.41.93.66:10751;udp;1;72;00:00:00
2019-09-03T05:00:00;8.8.8.8:53;10.41.93.66:10848;udp;1;107;00:00:00
2019-09-03T05:00:00;8.8.8.8:53;10.41.93.66:10706;udp;1;71;00:00:00
2019-09-03T05:00:00;8.8.8.8:53;10.41.93.66:10489;udp;1;70;00:00:00
2019-09-03T05:00:00;8.8.8.8:53;10.41.93.66:10981;udp;1;71;00:00:00
2019-09-03T05:00:00;8.8.8.8:53;10.41.93.66:10997;udp;1;71;00:00:00
2019-09-03T05:00:00;8.8.8.8:53;10.41.93.66:10911;udp;1;72;00:00:00
2019-09-03T05:00:00;8.8.8.8:53;10.41.93.66:10918;udp;1;74;00:00:00
2019-09-03T05:00:00;8.8.8.8:53;10.41.93.66:10796;udp;1;71;00:00:00
2019-09-03T05:00:00;8.8.8.8:53;10.41.93.66:10786;udp;1;71;00:00:00
2019-09-03T05:00:00;8.8.8.8:53;10.41.93.66:10926;udp;1;70;00:00:00
2019-09-03T05:00:00;8.8.8.8:53;10.41.93.66:10725;udp;1;70;00:00:00
2019-09-03T05:00:00;8.8.8.8:53;10.41.93.66:10537;udp;1;108;00:00:00
2019-09-03T05:00:00;8.8.8.8:53;10.41.93.66:10627;udp;1;136;00:00:00
2019-09-03T05:00:00;8.8.8.8:53;10.41.93.66:10482;udp;1;71;00:00:00
2019-09-03T05:00:00;8.8.8.8:53;10.41.93.66:10633;udp;1;140;00:00:00
2019-09-03T05:00:00;8.8.8.8:53;10.41.93.66:10950;udp;1;129;00:00:00
2019-09-03T05:00:00;8.8.8.8:53;10.41.93.66:10413;udp;1;69;00:00:00
2019-09-03T05:00:00;8.8.8.8:53;10.41.86.203:55208;udp;2;252;00:00:00
2019-09-03T05:00:00;8.8.8.8:53;10.41.93.66:10631;udp;1;137;00:00:00
2019-09-03T05:00:00;8.8.8.8:53;10.41.93.66:10766;udp;1;71;00:00:00
2019-09-03T05:00:00;8.8.8.8:53;10.41.93.66:10614;udp;1;133;00:00:00
2019-09-03T05:00:00;8.8.8.8:53;10.41.93.66:10652;udp;1;151;00:00:00
2019-09-03T05:00:00;8.8.8.8:53;10.41.93.66:10448;udp;1;124;00:00:00
2019-09-03T05:00:00;8.8.8.8:53;10.41.93.66:10586;udp;1;71;00:00:00
2019-09-03T05:00:00;8.8.8.8:53;10.41.93.66:10846;udp;1;151;00:00:00
2019-09-03T05:00:00;8.8.8.8:53;10.41.93.66:10467;udp;1;70;00:00:00
2019-09-03T05:00:00;8.8.8.8:53;10.41.93.66:10457;udp;1;73;00:00:00
2019-09-03T05:00:00;8.8.8.8:53;10.41.93.66:10459;udp;1;152;00:00:00
2019-09-03T05:00:00;8.8.8.8:53;10.41.93.66:10536;udp;1;70;00:00:00
2019-09-03T05:00:00;8.8.8.8:53;10.41.93.66:10780;udp;1;120;00:00:00
2019-09-03T05:00:00;8.8.8.8:53;10.41.93.66:10466;udp;1;70;00:00:00
2019-09-03T05:00:00;8.8.8.8:53;10.41.93.66:10519;udp;1;70;00:00:00
2019-09-03T05:00:00;8.8.8.8:53;10.41.93.66:10700;udp;1;70;00:00:00
2019-09-03T05:00:00;8.8.8.8:53;10.41.93.66:10785;udp;1;71;00:00:00
2019-09-03T05:00:00;8.8.8.8:53;10.41.93.66:10742;udp;1;72;00:00:00
2019-09-03T05:00:00;8.8.8.8:53;10.41.93.66:10861;udp;1;70;00:00:00
2019-09-03T05:00:00;8.8.8.8:53;10.41.93.66:10894;udp;1;72;00:00:00
2019-09-03T05:00:00;8.8.8.8:53;10.41.93.66:10501;udp;1;107;00:00:00
2019-09-03T05:00:00;8.8.8.8:53;10.41.93.66:10573;udp;1;107;00:00:00
2019-09-03T05:00:00;8.8.8.8:53;10.41.93.66:10724;udp;1;107;00:00:00
2019-09-03T05:00:00;8.8.8.8:53;10.41.93.66:10561;udp;1;107;00:00:00
2019-09-03T05:00:00;8.8.8.8:53;10.41.93.66:10919;udp;1;71;00:00:00
2019-09-03T05:00:00;8.8.8.8:53;10.41.93.66:10998;udp;1;130;00:00:00
2019-09-03T05:00:00;8.8.8.8:53;10.41.93.66:10864;udp;1;72;00:00:00
2019-09-03T05:00:00;8.8.8.8:53;10.41.93.66:10923;udp;1;149;00:00:00
2019-09-03T05:00:00;8.8.8.8:53;10.41.93.66:10513;udp;1;160;00:00:00
2019-09-03T05:00:00;8.8.8.8:53;10.41.93.66:10797;udp;1;71;00:00:00
2019-09-03T05:00:00;8.8.8.8:53;10.41.93.66:10703;udp;1;73;00:00:00
2019-09-03T05:00:00;8.8.8.8:53;10.41.93.66:10859;udp;1;140;00:00:00
2019-09-03T05:00:00;8.8.8.8:53;10.41.93.66:10851;udp;1;71;00:00:00
2019-09-03T05:00:00;8.8.8.8:53;10.41.93.66:10207;udp;1;119;00:00:00
2019-09-03T05:00:00;8.8.8.8:53;10.41.93.66:10206;udp;1;115;00:00:00
2019-09-03T05:00:00;8.8.8.8:53;10.41.93.66:10581;udp;1;71;00:00:00
2019-09-03T05:00:00;8.8.8.8:53;10.41.86.66:65113;udp;1;104;00:00:00
2019-09-03T05:00:00;8.8.8.8:53;10.41.255.25:24279;udp;2;164;00:00:00
2019-09-03T05:00:00;8.8.8.8:53;10.41.93.66:10980;udp;1;71;00:00:00
2019-09-03T05:00:00;8.8.8.8:53;10.41.93.66:10961;udp;1;72;00:00:00
2019-09-03T05:00:00;8.8.8.8:53;10.41.93.66:10909;udp;1;69;00:00:00
2019-09-03T05:00:00;8.8.8.8:53;10.41.93.66:10979;udp;1;71;00:00:00
2019-09-03T05:00:00;8.8.8.8:53;10.41.93.66:10711;udp;1;73;00:00:00
2019-09-03T05:00:00;8.8.8.8:53;10.41.93.66:10731;udp;1;151;00:00:00
2019-09-03T05:00:00;8.8.8.8:53;10.41.255.24:48108;udp;1;95;00:00:00
2019-09-03T05:00:00;8.8.8.8:53;10.41.93.66:10922;udp;1;113;00:00:00
2019-09-03T05:00:00;8.8.8.8:53;10.41.93.66:10782;udp;1;70;00:00:00
2019-09-03T05:00:00;8.8.8.8:53;10.41.93.66:10619;udp;1;73;00:00:00
2019-09-03T05:00:00;8.8.8.8:53;10.41.93.66:10692;udp;1;107;00:00:00
2019-09-03T05:00:00;8.8.8.8:53;10.41.93.66:10795;udp;1;70;00:00:00
2019-09-03T05:00:00;8.8.8.8:53;10.41.93.66:10606;udp;1;148;00:00:00
2019-09-03T05:00:00;8.8.8.8:53;10.41.93.66:10622;udp;1;72;00:00:00
2019-09-03T05:00:00;8.8.8.8:53;10.41.93.66:10512;udp;1;71;00:00:00
2019-09-03T05:00:00;8.8.8.8:53;10.41.93.66:10563;udp;1;107;00:00:00
2019-09-03T05:00:00;8.8.8.8:53;10.41.93.66:10739;udp;1;107;00:00:00
2019-09-03T05:00:00;8.8.8.8:53;10.41.93.66:10623;udp;1;72;00:00:00
2019-09-03T05:00:00;8.8.8.8:53;10.41.93.66:10587;udp;1;70;00:00:00
2019-09-03T05:00:00;8.8.8.8:53;10.41.93.66:10541;udp;1;115;00:00:00
2019-09-03T05:00:00;8.8.8.8:53;10.41.93.66:10589;udp;1;101;00:00:00
2019-09-03T05:00:01;8.8.8.8:53;10.41.93.66:10588;udp;1;73;00:00:00
2019-09-03T05:00:01;8.8.8.8:53;10.41.255.25:2472;udp;1;120;00:00:00
2019-09-03T05:00:01;8.8.8.8:53;10.41.255.25:40610;udp;1;120;00:00:00
2019-09-03T05:00:01;8.8.8.8:53;10.41.93.66:10773;udp;1;107;00:00:00
2019-09-03T05:00:01;8.8.8.8:53;10.41.255.25:13550;udp;1;181;00:00:00
2019-09-03T05:00:01;8.8.8.8:53;10.41.93.66:10691;udp;1;107;00:00:00
2019-09-03T05:00:01;8.8.8.8:53;10.41.93.66:10547;udp;1;107;00:00:00
2019-09-03T05:00:01;8.8.8.8:53;10.41.93.66:10531;udp;1;104;00:00:00
2019-09-03T05:00:01;8.8.8.8:53;10.41.93.66:10661;udp;1;72;00:00:00
2019-09-03T05:00:01;8.8.8.8:53;10.41.93.66:10920;udp;1;114;00:00:00
2019-09-03T05:00:01;8.8.8.8:53;10.41.93.66:10594;udp;1;151;00:00:00
2019-09-03T05:00:01;8.8.8.8:53;10.41.93.66:10511;udp;1;72;00:00:00
2019-09-03T05:00:01;8.8.8.8:53;10.41.93.66:10758;udp;1;152;00:00:00
2019-09-03T05:00:01;8.8.8.8:53;10.41.93.66:10530;udp;1;140;00:00:00
2019-09-03T05:00:01;8.8.8.8:53;10.41.93.66:10665;udp;1;73;00:00:00
2019-09-03T05:00:01;8.8.8.8:53;10.41.93.66:10957;udp;1;152;00:00:00
2019-09-03T05:00:01;8.8.8.8:53;10.41.66.11:24638;udp;1;145;00:00:00
2019-09-03T05:00:01;8.8.8.8:53;10.41.66.11:11819;udp;1;131;00:00:00
2019-09-03T05:00:01;8.8.8.8:53;10.41.85.114:24732;udp;1;89;00:00:00
2019-09-03T05:00:01;8.8.8.8:53;10.41.255.2:21003;udp;1;144;00:00:00
2019-09-03T05:00:01;8.8.8.8:53;10.41.255.2:53899;udp;1;210;00:00:00
2019-09-03T05:00:01;8.8.8.8:53;10.41.86.66:49587;udp;1;92;00:00:00
2019-09-03T05:00:01;8.8.8.8:53;10.41.86.66:64830;udp;1;107;00:00:00
2019-09-03T05:00:01;8.8.8.8:53;10.41.66.46:30962;udp;1;144;00:00:00
2019-09-03T05:00:01;8.8.8.8:53;10.41.66.11:21569;udp;1;553;00:00:00
2019-09-03T05:00:01;8.8.8.8:53;10.41.66.11:33972;udp;1;126;00:00:00
2019-09-03T05:00:01;8.8.8.8:53;10.41.66.11:45379;udp;1;126;00:00:00
2019-09-03T05:00:01;8.8.8.8:53;10.41.255.25:30387;udp;1;105;00:00:00
2019-09-03T05:00:01;8.8.8.8:53;10.41.86.203:55212;udp;2;252;00:00:00
2019-09-03T05:00:01;8.8.8.8:53;10.41.66.13:51897;udp;1;77;00:00:00
2019-09-03T05:00:01;8.8.8.8:53;10.41.86.203:55213;udp;2;252;00:00:00
2019-09-03T05:00:01;8.8.8.8:53;10.41.86.66:49206;udp;1;170;00:00:00
2019-09-03T05:00:02;8.8.8.8:53;10.41.86.66:50257;udp;1;135;00:00:00
2019-09-03T05:00:02;8.8.8.8:53;10.41.86.66:49969;udp;1;123;00:00:00
2019-09-03T05:00:02;8.8.8.8:53;10.41.86.66:64695;udp;1;229;00:00:00
2019-09-03T05:00:02;8.8.8.8:53;10.41.86.66:49966;udp;1;189;00:00:00
2019-09-03T05:00:02;8.8.8.8:53;10.41.86.66:64960;udp;1;104;00:00:00
2019-09-03T05:00:02;8.8.8.8:53;10.41.255.25:17957;udp;1;89;00:00:00
2019-09-03T05:00:03;8.8.8.8:53;10.41.255.4:12580;udp;2;164;00:00:00
2019-09-03T05:00:03;8.8.8.8:53;10.41.66.46:63857;udp;1;126;00:00:00
2019-09-03T05:00:03;8.8.8.8:53;10.41.255.25:32244;udp;1;76;00:00:00
2019-09-03T05:00:03;8.8.8.8:53;10.41.255.25:14357;udp;1;76;00:00:00
2019-09-03T05:00:03;8.8.8.8:53;10.41.255.25:56896;udp;1;88;00:00:00
2019-09-03T05:00:04;8.8.8.8:53;10.41.255.25:55470;udp;2;164;00:00:00
2019-09-03T05:00:04;8.8.8.8:53;10.41.66.46:55675;udp;1;169;00:00:00
2019-09-03T05:00:04;8.8.8.8:53;10.41.85.165:64621;udp;1;311;00:00:00
2019-09-03T05:00:04;8.8.8.8:53;10.41.255.25:15056;udp;2;164;00:00:00
2019-09-03T05:00:04;8.8.8.8:53;10.41.66.46:16201;udp;1;70;00:00:00
2019-09-03T05:00:04;8.8.8.8:53;10.41.86.203:55218;udp;2;260;00:00:00
2019-09-03T05:00:04;8.8.8.8:53;10.41.86.203:55219;udp;2;260;00:00:00
2019-09-03T05:00:04;8.8.8.8:53;10.41.255.25:7256;udp;1;105;00:00:00
2019-09-03T05:00:04;8.8.8.8:53;10.41.255.25:9247;udp;1;76;00:00:00
2019-09-03T05:00:04;8.8.8.8:53;10.41.255.25:55020;udp;1;106;00:00:00
2019-09-03T05:00:04;8.8.8.8:53;10.41.255.25:17578;udp;2;164;00:00:00
2019-09-03T05:00:04;8.8.8.8:53;10.41.84.242:56904;udp;1;188;00:00:00
2019-09-03T05:00:04;8.8.8.8:53;10.41.255.87:33649;udp;1;80;00:00:00
2019-09-03T05:00:04;8.8.8.8:53;10.41.255.1:36738;udp;1;76;00:00:00
2019-09-03T05:00:04;8.8.8.8:53;10.41.255.1:24914;udp;1;88;00:00:00
2019-09-03T05:00:05;8.8.8.8:53;10.41.85.54:29470;udp;2;164;00:00:00
2019-09-03T05:00:05;8.8.8.8:53;10.41.66.46:52287;udp;1;151;00:00:00
2019-09-03T05:00:05;8.8.8.8:53;10.41.86.66:49436;udp;1;188;00:00:00
2019-09-03T05:00:05;8.8.8.8:53;10.41.255.87:5389;udp;1;150;00:00:00
2019-09-03T05:00:06;8.8.8.8:53;10.41.66.11:1397;udp;1;553;00:00:00
2019-09-03T05:00:06;8.8.8.8:53;10.41.66.11:20942;udp;1;222;00:00:00
2019-09-03T05:00:07;8.8.8.8:53;10.41.255.4:20031;udp;1;91;00:00:00
2019-09-03T05:00:07;8.8.8.8:53;10.41.86.66:49900;udp;1;136;00:00:00
2019-09-03T05:00:07;8.8.8.8:53;10.41.66.46:3020;udp;1;70;00:00:00
2019-09-03T05:00:07;8.8.8.8:53;10.41.255.25:46832;udp;2;164;00:00:00
2019-09-03T05:00:07;8.8.8.8:53;10.41.99.5:5163;udp;1;80;00:00:00
2019-09-03T05:00:08;8.8.8.8:53;10.41.255.25:3310;udp;2;164;00:00:00
2019-09-03T05:00:08;8.8.8.8:53;10.41.255.25:56280;udp;2;164;00:00:00
2019-09-03T05:00:08;8.8.8.8:53;10.41.66.46:30986;udp;1;70;00:00:00
2019-09-03T05:00:08;8.8.8.8:53;10.41.85.165:63538;udp;1;89;00:00:00
2019-09-03T05:00:08;8.8.8.8:53;10.41.255.17:39602;udp;2;174;00:00:00
2019-09-03T05:00:08;8.8.8.8:53;10.41.66.46:13473;udp;1;151;00:00:00
2019-09-03T05:00:08;8.8.8.8:53;10.41.66.46:14443;udp;1;152;00:00:00
2019-09-03T05:00:08;8.8.8.8:53;10.41.86.203:55226;udp;2;252;00:00:00
2019-09-03T05:00:09;8.8.8.8:53;10.41.99.4:23407;udp;1;76;00:00:00
2019-09-03T05:00:09;8.8.8.8:53;10.41.85.88:27301;udp;1;213;00:00:00
2019-09-03T05:00:09;8.8.8.8:53;10.41.66.46:48968;udp;1;110;00:00:00
2019-09-03T05:00:09;8.8.8.8:53;10.41.86.203:55227;udp;2;260;00:00:00
2019-09-03T05:00:09;8.8.8.8:53;10.41.66.46:41253;udp;1;124;00:00:00
2019-09-03T05:00:09;8.8.8.8:53;10.41.86.203:55228;udp;2;260;00:00:00
2019-09-03T05:00:09;8.8.8.8:53;10.41.66.22:44533;udp;1;197;00:00:00
2019-09-03T05:00:09;8.8.8.8:53;10.41.66.22:24669;udp;1;197;00:00:00
2019-09-03T05:00:09;8.8.8.8:53;10.41.85.165:64713;udp;1;236;00:00:00
2019-09-03T05:00:10;8.8.8.8:53;10.41.85.183:64671;udp;1;88;00:00:00
2019-09-03T05:00:10;8.8.8.8:53;10.41.86.66:65342;udp;1;89;00:00:00
2019-09-03T05:00:10;8.8.8.8:53;10.41.86.66:65115;udp;1;115;00:00:00
2019-09-03T05:00:01;8.8.8.8:53;10.41.86.66:64719;udp;2;259;00:00:08
2019-09-03T05:00:10;8.8.8.8:53;10.41.255.25:52660;udp;1;120;00:00:00
2019-09-03T05:00:11;8.8.8.8:53;10.41.93.66:10802;udp;1;181;00:00:00
2019-09-03T05:00:11;8.8.8.8:53;10.41.96.1:56094;udp;1;200;00:00:00
2019-09-03T05:00:11;8.8.8.8:53;10.41.85.165:62834;udp;1;273;00:00:00
2019-09-03T05:00:11;8.8.8.8:53;10.41.93.66:10828;udp;1;119;00:00:00
2019-09-03T05:00:11;8.8.8.8:53;10.41.255.87:37546;udp;1;97;00:00:00
2019-09-03T05:00:11;8.8.8.8:53;10.41.66.46:10952;udp;1;70;00:00:00
2019-09-03T05:00:11;8.8.8.8:53;10.41.86.66:49922;udp;1;141;00:00:00
2019-09-03T05:00:11;8.8.8.8:53;10.41.93.66:10977;udp;1;119;00:00:00
2019-09-03T05:00:11;8.8.8.8:53;10.41.86.66:52765;udp;1;1081;00:00:00
2019-09-03T05:00:12;8.8.8.8:53;10.41.85.165:64710;udp;1;102;00:00:00
2019-09-03T05:00:12;8.8.8.8:53;10.41.85.165:64643;udp;1;98;00:00:00
2019-09-03T05:00:12;8.8.8.8:53;10.41.66.11:12364;udp;1;553;00:00:00
2019-09-03T05:00:12;8.8.8.8:53;10.41.66.11:30613;udp;1;110;00:00:00
2019-09-03T05:00:12;8.8.8.8:53;10.41.66.11:19407;udp;1;114;00:00:00
2019-09-03T05:00:12;8.8.8.8:53;10.41.66.11:23285;udp;1;91;00:00:00
2019-09-03T05:00:12;8.8.8.8:53;10.41.66.11:34112;udp;1;112;00:00:00
2019-09-03T05:00:12;8.8.8.8:53;10.41.66.11:19104;udp;1;154;00:00:00
2019-09-03T05:00:12;8.8.8.8:53;10.41.86.203:55268;udp;2;252;00:00:00
2019-09-03T05:00:12;8.8.8.8:53;10.41.66.11:6544;udp;1;107;00:00:00
2019-09-03T05:00:12;8.8.8.8:53;10.41.66.11:42919;udp;1;462;00:00:00
2019-09-03T05:00:12;8.8.8.8:53;10.41.66.11:47045;udp;1;110;00:00:00
2019-09-03T05:00:12;8.8.8.8:53;10.41.66.11:21600;udp;1;186;00:00:00
2019-09-03T05:00:12;8.8.8.8:53;10.41.66.11:20656;udp;1;99;00:00:00
2019-09-03T05:00:12;8.8.8.8:53;10.41.85.165:64151;udp;1;222;00:00:00
2019-09-03T05:00:13;8.8.8.8:53;10.41.86.203:55270;udp;2;252;00:00:00
2019-09-03T05:00:13;8.8.8.8:53;10.41.86.203:55271;udp;2;252;00:00:00
2019-09-03T05:00:13;8.8.8.8:53;10.41.86.66:49282;udp;1;138;00:00:00
2019-09-03T05:00:13;8.8.8.8:53;10.41.255.25:52376;udp;2;164;00:00:00
2019-09-03T05:00:13;8.8.8.8:53;10.41.85.165:64085;udp;1;121;00:00:00
2019-09-03T05:00:14;8.8.8.8:53;10.41.255.25:20622;udp;1;267;00:00:00
2019-09-03T05:00:14;8.8.8.8:53;10.41.85.165:62733;udp;1;121;00:00:00
2019-09-03T05:00:14;8.8.8.8:53;10.41.86.203:55275;udp;2;260;00:00:00
2019-09-03T05:00:14;8.8.8.8:53;10.41.86.203:55276;udp;2;260;00:00:00
2019-09-03T05:00:14;8.8.8.8:53;10.41.255.87:57414;udp;1;228;00:00:00
2019-09-03T05:00:14;8.8.8.8:53;10.41.255.25:45660;udp;1;81;00:00:00
2019-09-03T05:00:15;8.8.8.8:53;10.41.86.66:50044;udp;1;124;00:00:00
2019-09-03T05:00:15;8.8.8.8:53;10.41.86.244:63131;udp;1;124;00:00:00
2019-09-03T05:00:15;8.8.8.8:53;10.41.255.87:57129;udp;1;80;00:00:00
2019-09-03T05:00:15;8.8.8.8:53;10.41.255.25:38027;udp;2;164;00:00:00
2019-09-03T05:00:15;8.8.8.8:53;10.41.85.165:64080;udp;1;91;00:00:00
2019-09-03T05:00:15;8.8.8.8:53;10.41.96.1:10927;udp;2;164;00:00:00
2019-09-03T05:00:15;8.8.8.8:53;10.41.86.244:63133;udp;1;95;00:00:00
2019-09-03T05:00:15;8.8.8.8:53;10.41.84.242:51991;udp;2;414;00:00:00
2019-09-03T05:00:16;8.8.8.8:53;10.41.86.203:55279;udp;2;260;00:00:00
2019-09-03T05:00:16;8.8.8.8:53;10.41.255.25:29776;udp;1;126;00:00:00
2019-09-03T05:00:16;8.8.8.8:53;10.41.255.25:45448;udp;1;126;00:00:00
2019-09-03T05:00:16;8.8.8.8:53;10.41.86.66:50006;udp;1;162;00:00:00
2019-09-03T05:00:16;8.8.8.8:53;10.41.86.66:53342;udp;1;1075;00:00:00
2019-09-03T05:00:16;8.8.8.8:53;10.41.86.66:53161;udp;1;1072;00:00:00
2019-09-03T05:00:16;8.8.8.8:53;10.41.86.66:53587;udp;1;1068;00:00:00
2019-09-03T05:00:17;8.8.8.8:53;10.41.86.66:64899;udp;1;157;00:00:00
2019-09-03T05:00:17;8.8.8.8:53;10.41.86.66:50170;udp;1;154;00:00:00
2019-09-03T05:00:17;8.8.8.8:53;10.41.255.24:61022;udp;1;84;00:00:00
2019-09-03T05:00:17;8.8.8.8:53;10.41.255.25:57495;udp;1;137;00:00:00
2019-09-03T05:00:17;8.8.8.8:53;10.41.86.244:63137;udp;1;388;00:00:00
2019-09-03T05:00:17;8.8.8.8:53;10.41.255.25:3021;udp;2;164;00:00:00
2019-09-03T05:00:17;8.8.8.8:53;10.41.86.244:63138;udp;1;348;00:00:00
2019-09-03T05:00:17;8.8.8.8:53;10.41.255.25:26458;udp;1;105;00:00:00
2019-09-03T05:00:18;8.8.8.8:53;10.41.85.183:45973;udp;2;164;00:00:00
2019-09-03T05:00:18;8.8.8.8:53;10.41.85.174:38544;udp;1;98;00:00:00
2019-09-03T05:00:18;8.8.8.8:53;10.41.255.25:57884;udp;2;164;00:00:00
2019-09-03T05:00:18;8.8.8.8:53;10.41.66.22:57108;udp;1;857;00:00:00
2019-09-03T05:00:18;8.8.8.8:53;10.41.96.120:24964;udp;1;155;00:00:00
2019-09-03T05:00:19;8.8.8.8:53;10.41.255.1:1519;udp;2;164;00:00:00
2019-09-03T05:00:19;8.8.8.8:53;10.41.255.25:44117;udp;2;164;00:00:00
2019-09-03T05:00:19;8.8.8.8:53;10.41.86.203:55283;udp;2;260;00:00:00
2019-09-03T05:00:19;8.8.8.8:53;10.41.86.203:55284;udp;2;260;00:00:00
2019-09-03T05:00:20;8.8.8.8:53;10.41.255.21:39268;udp;2;164;00:00:00
2019-09-03T05:00:20;8.8.8.8:53;10.41.86.66:64689;udp;1;133;00:00:00
2019-09-03T05:00:20;8.8.8.8:53;10.41.86.66:65082;udp;1;175;00:00:00
2019-09-03T05:00:20;8.8.8.8:53;10.41.86.66:64669;udp;1;181;00:00:00
2019-09-03T05:00:20;8.8.8.8:53;10.41.86.66:49241;udp;1;139;00:00:00
2019-09-03T05:00:20;8.8.8.8:53;10.41.255.25:13813;udp;1;181;00:00:00
2019-09-03T05:00:21;8.8.8.8:53;10.41.255.25:8268;udp;1;120;00:00:00
2019-09-03T05:00:21;8.8.8.8:53;10.41.255.25:54179;udp;1;116;00:00:00
2019-09-03T05:00:21;8.8.8.8:53;10.41.164.54:14673;udp;1;92;00:00:00
2019-09-03T05:00:21;8.8.8.8:53;10.41.84.98:50750;udp;1;165;00:00:00
2019-09-03T05:00:21;8.8.8.8:53;10.41.85.114:53452;udp;1;193;00:00:00
2019-09-03T05:00:21;8.8.8.8:53;10.41.85.114:11305;udp;1;159;00:00:00
2019-09-03T05:00:21;8.8.8.8:53;10.41.66.11:20171;udp;1;98;00:00:00
2019-09-03T05:00:21;8.8.8.8:53;10.41.66.11:43931;udp;1;553;00:00:00
2019-09-03T05:00:21;8.8.8.8:53;10.41.255.25:40134;udp;1;105;00:00:00
2019-09-03T05:00:21;8.8.8.8:53;10.41.66.11:10787;udp;1;95;00:00:00
2019-09-03T05:00:21;8.8.8.8:53;10.41.66.11:6496;udp;1;98;00:00:00
2019-09-03T05:00:21;8.8.8.8:53;10.41.66.11:38918;udp;1;237;00:00:00
2019-09-03T05:00:21;8.8.8.8:53;10.41.66.11:13851;udp;1;114;00:00:00
2019-09-03T05:00:21;8.8.8.8:53;10.41.66.11:44666;udp;1;113;00:00:00
2019-09-03T05:00:21;8.8.8.8:53;10.41.66.11:42589;udp;1;120;00:00:00
2019-09-03T05:00:21;8.8.8.8:53;10.41.66.11:1258;udp;1;201;00:00:00
2019-09-03T05:00:21;8.8.8.8:53;10.41.66.11:20880;udp;1;99;00:00:00
2019-09-03T05:00:21;8.8.8.8:53;10.41.66.11:8081;udp;1;209;00:00:00
2019-09-03T05:00:21;8.8.8.8:53;10.41.66.11:22748;udp;1;166;00:00:00
2019-09-03T05:00:21;8.8.8.8:53;10.41.255.25:10557;udp;2;164;00:00:00
2019-09-03T05:00:21;8.8.8.8:53;10.41.86.66:64866;udp;1;96;00:00:00
2019-09-03T05:00:22;8.8.8.8:53;10.41.66.11:6142;udp;1;553;00:00:00
2019-09-03T05:00:22;8.8.8.8:53;10.41.66.11:2225;udp;1;100;00:00:00
2019-09-03T05:00:22;8.8.8.8:53;10.41.66.11:25640;udp;1;148;00:00:00
2019-09-03T05:00:22;8.8.8.8:53;10.41.84.98:50775;udp;1;146;00:00:00
2019-09-03T05:00:22;8.8.8.8:53;10.41.85.165:62983;udp;1;145;00:00:00
2019-09-03T05:00:22;8.8.8.8:53;10.41.85.183:8024;udp;1;161;00:00:00
2019-09-03T05:00:22;8.8.8.8:53;10.41.85.183:51023;udp;1;88;00:00:00
2019-09-03T05:00:22;8.8.8.8:53;10.41.66.46:62276;udp;1;70;00:00:00
2019-09-03T05:00:22;8.8.8.8:53;10.41.85.183:13552;udp;1;121;00:00:00
2019-09-03T05:00:22;8.8.8.8:53;10.41.255.25:19973;udp;2;164;00:00:00
2019-09-03T05:00:23;8.8.8.8:53;10.41.85.183:29857;udp;1;115;00:00:00
2019-09-03T05:00:23;8.8.8.8:53;10.41.85.183:5018;udp;1;126;00:00:00
2019-09-03T05:00:23;8.8.8.8:53;10.41.66.11:52381;udp;1;161;00:00:00
2019-09-03T05:00:23;8.8.8.8:53;10.41.66.11:51685;udp;1;103;00:00:00
2019-09-03T05:00:23;8.8.8.8:53;10.41.66.11:1099;udp;1;553;00:00:00
2019-09-03T05:00:23;8.8.8.8:53;10.41.66.11:30565;udp;1;287;00:00:00
2019-09-03T05:00:23;8.8.8.8:53;10.41.66.11:9305;udp;1;180;00:00:00
2019-09-03T05:00:23;8.8.8.8:53;10.41.66.11:12175;udp;1;149;00:00:00
2019-09-03T05:00:23;8.8.8.8:53;10.41.66.11:46223;udp;1;247;00:00:00
2019-09-03T05:00:23;8.8.8.8:53;10.41.66.11:64388;udp;1;161;00:00:00
2019-09-03T05:00:23;8.8.8.8:53;10.41.66.11:3172;udp;1;103;00:00:00
2019-09-03T05:00:24;8.8.8.8:53;10.41.255.25:46249;udp;2;164;00:00:00
2019-09-03T05:00:24;8.8.8.8:53;10.41.86.66:65383;udp;1;121;00:00:00
2019-09-03T05:00:24;8.8.8.8:53;10.41.86.66:64943;udp;1;162;00:00:00
2019-09-03T05:00:24;8.8.8.8:53;10.41.86.203:55291;udp;2;260;00:00:00
2019-09-03T05:00:24;8.8.8.8:53;10.41.86.203:55292;udp;2;260;00:00:00
2019-09-03T05:00:25;8.8.8.8:53;10.41.86.66:49428;udp;1;154;00:00:00
2019-09-03T05:00:25;8.8.8.8:53;10.41.85.183:29001;udp;1;216;00:00:00
2019-09-03T05:00:25;8.8.8.8:53;10.41.86.66:64451;udp;1;141;00:00:00
2019-09-03T05:00:25;8.8.8.8:53;10.41.255.25:31105;udp;1;106;00:00:00
2019-09-03T05:00:25;8.8.8.8:53;10.41.85.183:10823;udp;1;186;00:00:00
2019-09-03T05:00:26;8.8.8.8:53;10.41.85.183:23561;udp;1;154;00:00:00
2019-09-03T05:00:26;8.8.8.8:53;10.41.85.183:59409;udp;1;135;00:00:00
2019-09-03T05:00:26;8.8.8.8:53;10.41.255.25:14314;udp;1;112;00:00:00
2019-09-03T05:00:26;8.8.8.8:53;10.41.86.66:65141;udp;1;172;00:00:00
2019-09-03T05:00:27;8.8.8.8:53;10.41.255.25:49191;udp;2;164;00:00:00
2019-09-03T05:00:27;8.8.8.8:53;10.41.86.66:65128;udp;1;136;00:00:00
2019-09-03T05:00:27;8.8.8.8:53;10.41.255.25:25995;udp;1;105;00:00:00
2019-09-03T05:00:28;8.8.8.8:53;10.41.86.244:63142;udp;1;95;00:00:00
2019-09-03T05:00:28;8.8.8.8:53;10.41.85.54:30583;udp;2;164;00:00:00
2019-09-03T05:00:28;8.8.8.8:53;10.41.86.244:63143;udp;1;95;00:00:00
2019-09-03T05:00:28;8.8.8.8:53;10.41.66.46:38886;udp;1;140;00:00:00
2019-09-03T05:00:28;8.8.8.8:53;10.41.255.25:4753;udp;2;164;00:00:00
2019-09-03T05:00:28;8.8.8.8:53;10.41.85.165:62923;udp;1;197;00:00:00
2019-09-03T05:00:29;8.8.8.8:53;10.41.86.203:55299;udp;2;260;00:00:00
2019-09-03T05:00:29;8.8.8.8:53;10.41.86.203:55300;udp;2;260;00:00:00
2019-09-03T05:00:30;8.8.8.8:53;10.41.85.54:59981;udp;2;164;00:00:00
2019-09-03T05:00:30;8.8.8.8:53;10.41.86.66:58143;udp;1;166;00:00:00
2019-09-03T05:00:30;8.8.8.8:53;10.41.85.183:24679;udp;1;105;00:00:00
2019-09-03T05:00:30;8.8.8.8:53;10.41.96.120:43077;udp;1;105;00:00:00
2019-09-03T05:00:30;8.8.8.8:53;10.41.255.25:21862;udp;1;181;00:00:00
2019-09-03T05:00:30;8.8.8.8:53;10.41.255.25:58341;udp;1;120;00:00:00
2019-09-03T05:00:31;8.8.8.8:53;10.41.85.165:64562;udp;1;262;00:00:00
2019-09-03T05:00:31;8.8.8.8:53;10.41.66.11:50321;udp;1;216;00:00:00
2019-09-03T05:00:31;8.8.8.8:53;10.41.66.11:64080;udp;1;553;00:00:00
2019-09-03T05:00:31;8.8.8.8:53;10.41.66.11:14555;udp;1;175;00:00:00
2019-09-03T05:00:31;8.8.8.8:53;10.41.85.165:62485;udp;1;161;00:00:00
2019-09-03T05:00:32;8.8.8.8:53;10.41.66.46:25727;udp;1;137;00:00:00
2019-09-03T05:00:33;8.8.8.8:53;10.41.255.25:60432;udp;2;298;00:00:00
2019-09-03T05:00:33;8.8.8.8:53;10.41.84.242:51495;udp;1;77;00:00:00
2019-09-03T05:00:33;8.8.8.8:53;10.41.255.25:18805;udp;2;164;00:00:00
2019-09-03T05:00:34;8.8.8.8:53;10.41.66.46:12934;udp;1;139;00:00:00
2019-09-03T05:00:34;8.8.8.8:53;10.41.255.25:31707;udp;1;116;00:00:00
2019-09-03T05:00:34;8.8.8.8:53;10.41.85.165:63676;udp;1;122;00:00:00
2019-09-03T05:00:34;8.8.8.8:53;10.41.85.165:62581;udp;1;140;00:00:00
2019-09-03T05:00:34;8.8.8.8:53;10.41.66.46:60786;udp;1;70;00:00:00
2019-09-03T05:00:35;8.8.8.8:53;10.41.86.203:55309;udp;2;260;00:00:00
2019-09-03T05:00:35;8.8.8.8:53;10.41.86.203:55310;udp;1;129;00:00:00
2019-09-03T05:00:35;8.8.8.8:53;10.41.84.242:62604;udp;1;190;00:00:00
2019-09-03T05:00:35;8.8.8.8:53;10.41.84.242:54520;udp;1;112;00:00:00
2019-09-03T05:00:35;8.8.8.8:53;10.41.84.242:59256;udp;1;162;00:00:00
2019-09-03T05:00:35;8.8.8.8:53;10.41.85.165:63821;udp;1;161;00:00:00
2019-09-03T05:00:35;8.8.8.8:53;10.41.255.25:37113;udp;2;164;00:00:00
2019-09-03T05:00:35;8.8.8.8:53;10.41.255.25:10517;udp;2;298;00:00:00
2019-09-03T05:00:35;8.8.8.8:53;10.41.85.165:63571;udp;1;211;00:00:00
2019-09-03T05:00:35;8.8.8.8:53;10.41.86.66:49184;udp;1;171;00:00:00
2019-09-03T05:00:35;8.8.8.8:53;10.41.86.66:50378;udp;1;137;00:00:00
2019-09-03T05:00:36;8.8.8.8:53;10.41.85.165:62809;udp;1;119;00:00:00
2019-09-03T05:00:36;8.8.8.8:53;10.41.96.120:44256;udp;1;186;00:00:00
2019-09-03T05:00:36;8.8.8.8:53;10.41.99.6:39334;udp;1;85;00:00:00
2019-09-03T05:00:37;8.8.8.8:53;10.41.255.87:48074;udp;1;80;00:00:00
2019-09-03T05:00:37;8.8.8.8:53;10.41.96.120:47525;udp;1;99;00:00:00
2019-09-03T05:00:37;8.8.8.8:53;10.41.86.66:64846;udp;1;106;00:00:00
2019-09-03T05:00:37;8.8.8.8:53;10.41.255.25:15990;udp;2;164;00:00:00
2019-09-03T05:00:38;8.8.8.8:53;10.41.85.183:7704;udp;1;133;00:00:00
2019-09-03T05:00:38;8.8.8.8:53;10.41.255.87:39470;udp;1;150;00:00:00
2019-09-03T05:00:38;8.8.8.8:53;10.41.85.183:29377;udp;1;112;00:00:00
2019-09-03T05:00:38;8.8.8.8:53;10.41.255.25:42645;udp;2;164;00:00:00
2019-09-03T05:00:38;8.8.8.8:53;10.41.85.165:64800;udp;1;123;00:00:00
2019-09-03T05:00:38;8.8.8.8:53;10.41.99.5:40141;udp;1;80;00:00:00
2019-09-03T05:00:39;8.8.8.8:53;10.41.85.165:64160;udp;1;88;00:00:00
2019-09-03T05:00:39;8.8.8.8:53;10.41.86.66:60115;udp;1;141;00:00:00
2019-09-03T05:00:39;8.8.8.8:53;10.41.66.46:56601;udp;1;69;00:00:00
2019-09-03T05:00:40;8.8.8.8:53;10.41.86.203:55322;udp;2;260;00:00:00
2019-09-03T05:00:40;8.8.8.8:53;10.41.86.203:55323;udp;2;260;00:00:00
2019-09-03T05:00:40;8.8.8.8:53;10.41.86.66:49730;udp;1;141;00:00:00
2019-09-03T05:00:40;8.8.8.8:53;10.41.255.25:1971;udp;1;91;00:00:00
2019-09-03T05:00:40;8.8.8.8:53;10.41.66.46:31138;udp;1;227;00:00:00
2019-09-03T05:00:40;8.8.8.8:53;10.41.66.46:11927;udp;1;70;00:00:00
2019-09-03T05:00:40;8.8.8.8:53;10.41.86.203:55326;udp;2;260;00:00:00
2019-09-03T05:00:40;8.8.8.8:53;10.41.85.165:64441;udp;1;236;00:00:00
2019-09-03T05:00:40;8.8.8.8:53;10.41.86.244:63147;udp;1;178;00:00:00
2019-09-03T05:00:40;8.8.8.8:53;10.41.255.25:41168;udp;1;181;00:00:00
2019-09-03T05:00:40;8.8.8.8:53;10.41.255.25:5985;udp;1;120;00:00:00
2019-09-03T05:00:41;8.8.8.8:53;10.41.255.25:20127;udp;1;105;00:00:00
2019-09-03T05:00:41;8.8.8.8:53;10.41.255.25:59841;udp;2;298;00:00:00
2019-09-03T05:00:41;8.8.8.8:53;10.41.255.25:2878;udp;1;170;00:00:00
2019-09-03T05:00:41;8.8.8.8:53;10.41.85.165:64654;udp;1;151;00:00:00
2019-09-03T05:00:41;8.8.8.8:53;10.41.85.165:62914;udp;1;83;00:00:00
2019-09-03T05:00:41;8.8.8.8:53;10.41.255.1:39039;udp;2;164;00:00:00
2019-09-03T05:00:41;8.8.8.8:53;10.41.255.25:15859;udp;2;164;00:00:00
2019-09-03T05:00:41;8.8.8.8:53;10.41.66.46:27002;udp;1;139;00:00:00
2019-09-03T05:00:41;8.8.8.8:53;10.41.255.25:44745;udp;2;164;00:00:00
2019-09-03T05:00:41;8.8.8.8:53;10.41.66.46:16168;udp;1;140;00:00:00
2019-09-03T05:00:05;8.8.8.8:53;10.13.232.45:25809;udp;1;116;00:00:00
2019-09-03T05:00:05;8.8.8.8:53;10.13.232.45:31533;udp;1;103;00:00:00
2019-09-03T05:00:05;8.8.8.8:53;10.13.232.45:56839;udp;1;210;00:00:00
2019-09-03T05:00:06;8.8.8.8:53;10.13.232.57:41432;udp;1;186;00:00:00
2019-09-03T05:00:07;8.8.8.8:53;10.13.232.45:30377;udp;2;370;00:00:00
2019-09-03T05:00:08;8.8.8.8:53;10.13.232.83:13069;udp;1;90;00:00:00
2019-09-03T05:00:09;8.8.8.8:53;10.13.232.57:39563;udp;1;76;00:00:00
2019-09-03T05:00:09;8.8.8.8:53;10.13.232.90:17407;udp;1;116;00:00:00
2019-09-03T05:00:09;8.8.8.8:53;10.13.232.147:40637;udp;1;141;00:00:00
2019-09-03T05:00:10;8.8.8.8:53;10.13.232.83:59726;udp;2;158;00:00:00
2019-09-03T05:00:10;8.8.8.8:53;10.13.232.89:35056;udp;1;91;00:00:00
2019-09-03T05:00:12;8.8.8.8:53;10.13.232.45:50650;udp;1;78;00:00:00
2019-09-03T05:00:12;8.8.8.8:53;10.13.232.57:1576;udp;1;121;00:00:00
2019-09-03T05:00:12;8.8.8.8:53;10.13.232.90:29450;udp;2;164;00:00:00
2019-09-03T05:00:13;8.8.8.8:53;10.13.232.88:29531;udp;2;164;00:00:00
2019-09-03T05:00:13;8.8.8.8:53;10.13.232.83:28065;udp;2;164;00:00:00
2019-09-03T05:00:14;8.8.8.8:53;10.13.232.57:11157;udp;1;172;00:00:00
2019-09-03T05:00:14;8.8.8.8:53;10.13.232.57:26829;udp;1;77;00:00:00
2019-09-03T05:00:15;8.8.8.8:53;10.13.232.91:54456;udp;2;164;00:00:00
2019-09-03T05:00:15;8.8.8.8:53;10.13.232.50:5004;udp;2;164;00:00:00
2019-09-03T05:00:16;8.8.8.8:53;10.13.232.57:13404;udp;1;77;00:00:00
2019-09-03T05:00:17;8.8.8.8:53;10.13.232.147:23987;udp;1;141;00:00:00
2019-09-03T05:00:17;8.8.8.8:53;10.13.232.57:8387;udp;1;105;00:00:00
2019-09-03T05:00:18;8.8.8.8:53;10.13.232.147:20734;udp;2;366;00:00:00
2019-09-03T05:00:18;8.8.8.8:53;10.13.232.147:47314;udp;2;312;00:00:00
2019-09-03T05:00:18;8.8.8.8:53;10.13.232.45:31660;udp;1;195;00:00:00
2019-09-03T05:00:20;8.8.8.8:53;10.13.232.45:23872;udp;1;127;00:00:00
2019-09-03T05:00:21;8.8.8.8:53;10.13.232.83:42227;udp;1;116;00:00:00
2019-09-03T05:00:22;8.8.8.8:53;10.13.232.45:45104;udp;1;137;00:00:00
2019-09-03T05:00:24;8.8.8.8:53;10.13.232.97:23845;udp;1;92;00:00:00
2019-09-03T05:00:25;8.8.8.8:53;10.13.232.57:16679;udp;1;282;00:00:00
2019-09-03T05:00:26;8.8.8.8:53;10.13.232.50:35821;udp;1;91;00:00:00
2019-09-03T05:00:27;8.8.8.8:53;10.13.232.57:44379;udp;1;104;00:00:00
2019-09-03T05:00:28;8.8.8.8:53;10.13.232.83:41958;udp;1;79;00:00:00
2019-09-03T05:00:28;8.8.8.8:53;10.13.232.42:4405;udp;1;91;00:00:00
2019-09-03T05:00:28;8.8.8.8:53;10.13.232.83:35883;udp;1;153;00:00:00
2019-09-03T05:00:28;8.8.8.8:53;10.13.232.83:41011;udp;1;190;00:00:00
2019-09-03T05:00:29;8.8.8.8:53;10.13.232.45:25991;udp;1;89;00:00:00
2019-09-03T05:00:30;8.8.8.8:53;10.13.232.83:27284;udp;1;91;00:00:00
2019-09-03T05:00:31;8.8.8.8:53;10.13.232.218:32596;udp;2;294;00:00:00
2019-09-03T05:00:31;8.8.8.8:53;10.13.232.218:62822;udp;2;366;00:00:00
2019-09-03T05:00:31;8.8.8.8:53;10.13.232.218:23553;udp;2;278;00:00:00
2019-09-03T05:00:31;8.8.8.8:53;10.13.232.57:26552;udp;1;91;00:00:00
2019-09-03T05:00:32;8.8.8.8:53;10.13.232.57:16167;udp;1;163;00:00:00
2019-09-03T05:00:32;8.8.8.8:53;10.13.232.57:54500;udp;2;164;00:00:00
2019-09-03T05:00:33;8.8.8.8:53;10.13.232.45:45629;udp;1;87;00:00:00
2019-09-03T05:00:33;8.8.8.8:53;10.13.232.57:28250;udp;1;89;00:00:00
2019-09-03T05:00:35;8.8.8.8:53;10.13.232.33:35871;udp;2;164;00:00:00
2019-09-03T05:00:36;8.8.8.8:53;10.13.232.57:53615;udp;1;76;00:00:00
2019-09-03T05:00:37;8.8.8.8:53;10.13.232.147:19960;udp;1;149;00:00:00
2019-09-03T05:00:37;8.8.8.8:53;10.13.232.147:52344;udp;1;77;00:00:00
2019-09-03T05:00:37;8.8.8.8:53;10.13.232.147:49666;udp;1;87;00:00:00
2019-09-03T05:00:39;8.8.8.8:53;10.13.232.147:27211;udp;1;141;00:00:00
2019-09-03T05:00:41;8.8.8.8:53;10.13.232.50:38133;udp;1;105;00:00:00
2019-09-03T05:00:45;8.8.8.8:53;10.13.232.89:56045;udp;1;116;00:00:00
2019-09-03T05:00:45;8.8.8.8:53;10.13.232.57:32125;udp;1;116;00:00:00
2019-09-03T05:00:46;8.8.8.8:53;10.13.232.57:59339;udp;1;195;00:00:00
2019-09-03T05:00:46;8.8.8.8:53;10.13.232.218:55084;udp;1;102;00:00:00
2019-09-03T05:00:46;8.8.8.8:53;10.13.232.50:14064;udp;2;164;00:00:00
2019-09-03T05:00:46;8.8.8.8:53;10.13.232.45:3822;udp;1;126;00:00:00
2019-09-03T05:00:46;8.8.8.8:53;10.13.232.45:21152;udp;1;130;00:00:00
2019-09-03T05:00:46;8.8.8.8:53;10.13.232.45:17547;udp;1;211;00:00:00
2019-09-03T05:00:46;8.8.8.8:53;10.13.232.45:47711;udp;1;146;00:00:00
2019-09-03T05:00:46;8.8.8.8:53;10.13.232.45:10951;udp;1;124;00:00:00
2019-09-03T05:00:47;8.8.8.8:53;10.13.232.45:2918;udp;1;78;00:00:00
2019-09-03T05:00:47;8.8.8.8:53;10.13.232.147:22447;udp;1;141;00:00:00
2019-09-03T05:00:48;8.8.8.8:53;10.13.232.83:61319;udp;2;330;00:00:00
2019-09-03T05:00:48;8.8.8.8:53;10.13.232.50:2733;udp;1;91;00:00:00
2019-09-03T05:00:49;8.8.8.8:53;10.13.232.83:2568;udp;1;116;00:00:00
2019-09-03T05:00:51;8.8.8.8:53;10.13.232.190:60384;udp;1;82;00:00:00
2019-09-03T05:00:51;8.8.8.8:53;10.13.232.90:42923;udp;1;91;00:00:00
2019-09-03T05:00:53;8.8.8.8:53;10.13.232.57:18220;udp;1;123;00:00:00
2019-09-03T05:00:53;8.8.8.8:53;10.13.232.57:7921;udp;1;132;00:00:00
2019-09-03T05:00:54;8.8.8.8:53;10.13.232.147:46332;udp;2;258;00:00:00
2019-09-03T05:00:55;8.8.8.8:53;10.13.232.42:52660;udp;2;164;00:00:00
2019-09-03T05:00:55;8.8.8.8:53;10.13.232.218:60626;udp;2;278;00:00:00
2019-09-03T05:00:58;8.8.8.8:53;10.13.232.218:47582;udp;2;204;00:00:00
2019-09-03T05:01:00;8.8.8.8:53;10.13.232.45:44879;udp;1;77;00:00:00
2019-09-03T05:01:00;8.8.8.8:53;10.13.232.57:8332;udp;1;91;00:00:00
2019-09-03T05:01:00;8.8.8.8:53;10.13.232.147:37540;udp;1;154;00:00:00
2019-09-03T05:01:01;8.8.8.8:53;10.13.232.45:24209;udp;1;77;00:00:00
2019-09-03T05:01:01;8.8.8.8:53;10.13.232.88:36043;udp;2;298;00:00:00
2019-09-03T05:01:01;8.8.8.8:53;10.13.232.190:53131;udp;2;330;00:00:00
2019-09-03T05:01:01;8.8.8.8:53;10.13.232.190:62572;udp;2;330;00:00:00
2019-09-03T05:01:01;8.8.8.8:53;10.13.232.57:40956;udp;1;140;00:00:00
2019-09-03T05:01:02;8.8.8.8:53;10.13.232.89:33260;udp;1;90;00:00:00
2019-09-03T05:01:02;8.8.8.8:53;10.13.232.89:24798;udp;1;91;00:00:00
2019-09-03T05:01:02;8.8.8.8:53;10.13.232.89:51820;udp;1;90;00:00:00
2019-09-03T05:01:02;8.8.8.8:53;10.13.232.57:26501;udp;1;66;00:00:00
2019-09-03T05:01:03;8.8.8.8:53;10.13.232.147:14218;udp;2;472;00:00:00
2019-09-03T05:01:03;8.8.8.8:53;10.13.232.57:45842;udp;1;76;00:00:00
2019-09-03T05:01:03;8.8.8.8:53;10.13.232.45:28334;udp;1;130;00:00:00
2019-09-03T05:01:03;8.8.8.8:53;10.13.232.89:29981;udp;1;235;00:00:00
2019-09-03T05:01:04;8.8.8.8:53;10.13.232.50:34343;udp;2;298;00:00:00
2019-09-03T05:01:04;8.8.8.8:53;10.13.232.50:44090;udp;2;164;00:00:00
2019-09-03T05:00:42;8.8.8.8:53;10.41.86.66:52789;udp;1;1072;00:00:00
2019-09-03T05:00:42;8.8.8.8:53;10.41.85.183:41687;udp;1;130;00:00:00
2019-09-03T05:00:42;8.8.8.8:53;10.41.66.11:48183;udp;1;553;00:00:00
2019-09-03T05:00:42;8.8.8.8:53;10.41.66.11:36733;udp;1;123;00:00:00
2019-09-03T05:00:42;8.8.8.8:53;10.41.66.11:32148;udp;1;101;00:00:00
2019-09-03T05:00:42;8.8.8.8:53;10.41.85.114:41653;udp;1;263;00:00:00
2019-09-03T05:00:42;8.8.8.8:53;10.41.85.114:55521;udp;1;239;00:00:00
2019-09-03T05:00:42;8.8.8.8:53;10.41.86.66:49879;udp;1;147;00:00:00
2019-09-03T05:00:43;8.8.8.8:53;10.41.85.165:64724;udp;1;201;00:00:00
2019-09-03T05:00:43;8.8.8.8:53;10.41.255.25:36878;udp;1;76;00:00:00
2019-09-03T05:00:43;8.8.8.8:53;10.41.86.66:50308;udp;1;210;00:00:00
2019-09-03T05:00:43;8.8.8.8:53;10.41.255.25:34300;udp;1;88;00:00:00
2019-09-03T05:00:43;8.8.8.8:53;10.41.86.66:49164;udp;1;119;00:00:00
2019-09-03T05:00:43;8.8.8.8:53;10.41.255.25:37425;udp;2;164;00:00:00
2019-09-03T05:00:43;8.8.8.8:53;10.41.86.66:65387;udp;1;148;00:00:00
2019-09-03T05:00:43;8.8.8.8:53;10.41.86.244:63148;udp;1;98;00:00:00
2019-09-03T05:00:43;8.8.8.8:53;10.41.86.244:63149;udp;1;172;00:00:00
2019-09-03T05:00:43;8.8.8.8:53;10.41.66.11:44544;udp;2;356;00:00:00
2019-09-03T05:00:43;8.8.8.8:53;10.41.255.25:30119;udp;1;105;00:00:00
2019-09-03T05:00:44;8.8.8.8:53;10.41.255.5:24052;udp;1;158;00:00:00
2019-09-03T05:00:44;8.8.8.8:53;10.41.255.25:2322;udp;2;164;00:00:00
2019-09-03T05:00:44;8.8.8.8:53;10.41.66.11:30076;udp;1;553;00:00:00
2019-09-03T05:00:44;8.8.8.8:53;10.41.66.11:26881;udp;1;179;00:00:00
2019-09-03T05:00:44;8.8.8.8:53;10.41.255.87:36108;udp;1;215;00:00:00
2019-09-03T05:00:44;8.8.8.8:53;10.41.66.11:1256;udp;1;150;00:00:00
2019-09-03T05:00:44;8.8.8.8:53;10.41.66.11:45483;udp;1;78;00:00:00
2019-09-03T05:00:44;8.8.8.8:53;10.41.86.66:64709;udp;1;106;00:00:00
2019-09-03T05:00:44;8.8.8.8:53;10.41.86.66:53644;udp;1;106;00:00:00
2019-09-03T05:00:44;8.8.8.8:53;10.41.86.66:64922;udp;1;118;00:00:00
2019-09-03T05:00:44;8.8.8.8:53;10.41.86.66:27781;udp;1;118;00:00:00
2019-09-03T05:00:44;8.8.8.8:53;10.41.255.87:10681;udp;1;168;00:00:00
2019-09-03T05:00:44;8.8.8.8:53;10.41.96.120:20025;udp;1;140;00:00:00
2019-09-03T05:00:44;8.8.8.8:53;10.41.84.98:50794;udp;1;180;00:00:00
2019-09-03T05:00:44;8.8.8.8:53;10.41.86.244:63152;udp;1;110;00:00:00
2019-09-03T05:00:45;8.8.8.8:53;10.41.86.244:63153;udp;1;134;00:00:00
2019-09-03T05:00:45;8.8.8.8:53;10.41.86.203:55334;udp;2;260;00:00:00
2019-09-03T05:00:45;8.8.8.8:53;10.41.86.203:55335;udp;2;260;00:00:00
2019-09-03T05:00:45;8.8.8.8:53;10.41.84.242:52232;udp;1;113;00:00:00
2019-09-03T05:00:45;8.8.8.8:53;10.41.86.66:64337;udp;1;155;00:00:00
2019-09-03T05:00:45;8.8.8.8:53;10.41.86.66:54369;udp;1;1069;00:00:00
2019-09-03T05:00:45;8.8.8.8:53;10.41.86.66:52864;udp;1;1068;00:00:00
2019-09-03T05:00:45;8.8.8.8:53;10.41.86.66:53253;udp;1;1071;00:00:00
2019-09-03T05:00:45;8.8.8.8:53;10.41.86.66:54064;udp;1;198;00:00:00
2019-09-03T05:00:45;8.8.8.8:53;10.41.86.66:65007;udp;1;244;00:00:00
2019-09-03T05:00:45;8.8.8.8:53;10.41.86.66:53842;udp;1;244;00:00:00
2019-09-03T05:00:45;8.8.8.8:53;10.41.86.66:54850;udp;1;197;00:00:00
2019-09-03T05:00:45;8.8.8.8:53;10.41.86.66:64710;udp;1;197;00:00:00
2019-09-03T05:00:45;8.8.8.8:53;10.41.86.66:59592;udp;1;221;00:00:00
2019-09-03T05:00:46;8.8.8.8:53;10.41.86.196:58064;udp;1;126;00:00:00
2019-09-03T05:00:46;8.8.8.8:53;10.41.84.98:50378;udp;1;199;00:00:00
2019-09-03T05:00:46;8.8.8.8:53;10.41.86.196:56505;udp;2;382;00:00:00
2019-09-03T05:00:46;8.8.8.8:53;10.41.255.87:16758;udp;1;80;00:00:00
2019-09-03T05:00:46;8.8.8.8:53;10.41.96.1:34180;udp;2;164;00:00:00
2019-09-03T05:00:46;8.8.8.8:53;10.41.255.25:18249;udp;1;146;00:00:00
2019-09-03T05:00:46;8.8.8.8:53;10.41.255.25:51564;udp;1;160;00:00:00
2019-09-03T05:00:46;8.8.8.8:53;10.41.66.46:54987;udp;1;129;00:00:00
2019-09-03T05:00:46;8.8.8.8:53;10.41.96.76:21192;udp;1;105;00:00:00
2019-09-03T05:00:46;8.8.8.8:53;10.41.86.66:65166;udp;1;155;00:00:00
2019-09-03T05:00:46;8.8.8.8:53;10.41.86.203:55355;udp;2;262;00:00:00
2019-09-03T05:00:47;8.8.8.8:53;10.41.86.244:63155;udp;1;171;00:00:00
2019-09-03T05:00:47;8.8.8.8:53;10.41.86.244:63156;udp;1;139;00:00:00
2019-09-03T05:00:47;8.8.8.8:53;10.41.255.25:33480;udp;1;89;00:00:00
2019-09-03T05:00:47;8.8.8.8:53;10.41.86.244:63157;udp;1;171;00:00:00
2019-09-03T05:00:47;8.8.8.8:53;10.41.255.25:32932;udp;1;155;00:00:00
2019-09-03T05:00:47;8.8.8.8:53;10.41.255.25:13484;udp;1;122;00:00:00
2019-09-03T05:00:47;8.8.8.8:53;10.41.255.25:59271;udp;1;106;00:00:00
2019-09-03T05:00:47;8.8.8.8:53;10.41.255.25:21876;udp;1;174;00:00:00
2019-09-03T05:00:47;8.8.8.8:53;10.41.86.66:17162;udp;1;112;00:00:00
2019-09-03T05:00:47;8.8.8.8:53;10.41.86.66:50237;udp;1;136;00:00:00
2019-09-03T05:00:48;8.8.8.8:53;10.41.255.14:47053;udp;1;208;00:00:00
2019-09-03T05:00:48;8.8.8.8:53;10.41.255.25:13500;udp;1;151;00:00:00
2019-09-03T05:00:48;8.8.8.8:53;10.41.255.25:6254;udp;1;118;00:00:00
2019-09-03T05:00:48;8.8.8.8:53;10.41.66.46:32248;udp;1;70;00:00:00
2019-09-03T05:00:48;8.8.8.8:53;10.41.66.11:11174;udp;1;553;00:00:00
2019-09-03T05:00:48;8.8.8.8:53;10.41.66.11:26616;udp;1;80;00:00:00
2019-09-03T05:00:49;8.8.8.8:53;10.41.255.25:40701;udp;1;154;00:00:00
2019-09-03T05:00:49;8.8.8.8:53;10.41.255.25:4087;udp;1;158;00:00:00
2019-09-03T05:00:49;8.8.8.8:53;10.41.85.166:51919;udp;1;92;00:00:00
2019-09-03T05:00:49;8.8.8.8:53;10.41.85.165:62978;udp;1;103;00:00:00
2019-09-03T05:00:49;8.8.8.8:53;10.41.255.87:35414;udp;1;164;00:00:00
2019-09-03T05:00:49;8.8.8.8:53;10.41.86.244:63158;udp;1;98;00:00:00
2019-09-03T05:00:49;8.8.8.8:53;10.41.86.244:63159;udp;1;250;00:00:00
2019-09-03T05:00:49;8.8.8.8:53;10.41.86.244:63160;udp;1;126;00:00:00
2019-09-03T05:00:49;8.8.8.8:53;10.41.66.46:20846;udp;1;132;00:00:00
2019-09-03T05:00:49;8.8.8.8:53;10.41.86.66:50283;udp;1;134;00:00:00
2019-09-03T05:00:49;8.8.8.8:53;10.41.255.5:46233;udp;1;186;00:00:00
2019-09-03T05:00:50;8.8.8.8:53;10.41.255.25:18277;udp;1;186;00:00:00
2019-09-03T05:00:50;8.8.8.8:53;10.41.255.25:2299;udp;1;166;00:00:00
2019-09-03T05:00:50;8.8.8.8:53;10.41.86.203:55361;udp;2;260;00:00:00
2019-09-03T05:00:50;8.8.8.8:53;10.41.86.203:55362;udp;2;260;00:00:00
2019-09-03T05:00:50;8.8.8.8:53;10.41.255.25:52841;udp;1;76;00:00:00
2019-09-03T05:00:50;8.8.8.8:53;10.41.255.25:4248;udp;1;88;00:00:00
2019-09-03T05:00:50;8.8.8.8:53;10.41.86.244:63161;udp;1;348;00:00:00
2019-09-03T05:00:50;8.8.8.8:53;10.41.85.183:57035;udp;1;90;00:00:00
2019-09-03T05:00:50;8.8.8.8:53;10.41.66.22:31816;udp;1;98;00:00:00
2019-09-03T05:00:50;8.8.8.8:53;10.41.66.22:10870;udp;1;98;00:00:00
2019-09-03T05:00:50;8.8.8.8:53;10.41.96.76:61432;udp;2;164;00:00:00
2019-09-03T05:00:50;8.8.8.8:53;10.41.255.25:36694;udp;1;120;00:00:00
2019-09-03T05:00:50;8.8.8.8:53;10.41.255.25:29177;udp;1;181;00:00:00
2019-09-03T05:00:51;8.8.8.8:53;10.41.85.165:63089;udp;1;102;00:00:00
2019-09-03T05:00:51;8.8.8.8:53;10.41.85.165:64448;udp;1;116;00:00:00
2019-09-03T05:00:51;8.8.8.8:53;10.41.255.25:55465;udp;2;164;00:00:00
2019-09-03T05:00:51;8.8.8.8:53;10.41.85.183:33647;udp;1;258;00:00:00
2019-09-03T05:00:51;8.8.8.8:53;10.41.86.66:49235;udp;1;224;00:00:00
2019-09-03T05:00:51;8.8.8.8:53;10.41.85.165:63487;udp;1;101;00:00:00
2019-09-03T05:00:52;8.8.8.8:53;10.41.66.46:61157;udp;1;138;00:00:00
2019-09-03T05:00:52;8.8.8.8:53;10.41.86.203:55365;udp;2;260;00:00:00
2019-09-03T05:00:52;8.8.8.8:53;10.41.85.54:3649;udp;2;164;00:00:00
2019-09-03T05:00:52;8.8.8.8:53;10.41.85.88:34570;udp;1;264;00:00:00
2019-09-03T05:00:52;8.8.8.8:53;10.41.66.46:52536;udp;1;70;00:00:00
2019-09-03T05:00:52;8.8.8.8:53;10.41.86.66:50066;udp;1;88;00:00:00
2019-09-03T05:00:53;8.8.8.8:53;10.41.86.66:50433;udp;1;92;00:00:00